canonical,name,uei,recipient_id,code,amount_fy,ticker
LOCKHEED MARTIN,LOCKHEED MARTIN CORPORATION,G4KDGE4JFFK7,6cf5fb1b-4988-d087-5dc1-70939d8fc6c4-C,008016958,41328585719.06,LMT
BOEING,THE BOEING COMPANY,JJM4FRDZJDX1,9ab85632-42cc-5fa4-2a9c-d734034ddd33-C,149879157,20827192284.11,BA
RAYTHEON,RAYTHEON COMPANY,VTEWM5QSE598,01c4a3a3-b4c5-ce4e-822b-d17f09985001-C,794598573,14044105504.72,RTX
NORTHROP GRUMMAN,NORTHROP GRUMMAN SYSTEMS CORP,D8QQPFNYJD63,a039e3c2-edcd-2b9b-4459-dcde55990ab4-C,117554355,12651609714.33,NOC
LEIDOS,"LEIDOS, INC.",UE9QJD4KK1L6,5ddb264f-234b-872c-2571-4731fde123c6-C,833063105,5777034784.99,LDOS
BOOZ ALLEN HAMILTON,BOOZ ALLEN HAMILTON INC,JCBMLGPE6Z71,ffca72e5-fba2-798a-6969-2a6c45e9f985-C,006928857,5121950360.36,BAH
SIKORSKY AIRCRAFT,SIKORSKY AIRCRAFT CORPORATION,UTJWTSLMFNG4,d64537c9-5482-dd40-cdd4-5cf07b66329d-C,835551474,4772974915.40,LMT
GENERAL DYNAMICS,"GENERAL DYNAMICS INFORMATION TECHNOLOGY, INC.",SMNWM6HN79X5,455555be-773d-eab1-1e6b-7b94400b757e-C,067641597,4765618030.55,GD
L3HARRIS,L3HARRIS TECHNOLOGIES INTEGRATED SYSTEMS L.P.,RDFKNPZNQ8E3,9a8e6a0a-4913-b84b-e426-8fdaeb54a427-C,007365984,4567394383.34,LHX
RTX,RTX CORPORATION,QN1BCFY7JDJ5,62e141b3-4887-5b39-6b75-eace9326395c-C,001447952,4390090754.87,RTX
FLUOR,"FLUOR MARINE PROPULSION, LLC",CWHMVCX7K1N6,27de0316-220e-8297-411f-f99b6f60443a-C,081071051,3596586336.66,FLR
SCIENCE APPLICATIONS,SCIENCE APPLICATIONS INTERNATIONAL CORPORATION,MMLKPW9JLX64,20af0683-f17d-1f8f-38ee-2f11bd124559-C,078883327,3451099412.67,SAIC
LAWRENCE LIVERMORE NATIONAL SECURITY,"LAWRENCE LIVERMORE NATIONAL SECURITY, LLC",PM52LCJH72T9,6d990129-9566-ff86-e9ae-7c6eeef1df7c-C,785627931,3166514253.56,
ACCENTURE,ACCENTURE FEDERAL SERVICES LLC,C47BNA8GM833,d41a6b8a-9d6a-0d28-7e24-989e31731aad-C,139727148,3021448164.64,ACN
DELOITTE CONSULTING,DELOITTE CONSULTING LLP,CKV2L9GZKJK3,92663aec-4451-0476-502b-d8c6919e98e0-C,019121586,2675146888.76,
CACI,"CACI, INC. - FEDERAL",N3PBJAVNKF61,28eee911-76af-7147-f760-4ec5f90bec2d-C,114896066,2656091679.55,CACI
GENERAL ELECTRIC,GENERAL ELECTRIC COMPANY,E3HYKKLT5ZT1,66092799-9c72-fde6-e008-9d381191aed2-C,001408509,2583415206.71,GE
GENERAL ATOMICS,"GENERAL ATOMICS AERONAUTICAL SYSTEMS, INC.",ZH4NVFG3Z526,e262465b-a9eb-8206-020a-98327ae917fa-C,824684229,2458188223.14,
CALIFORNIA INSTITUTE OF TECHNOLOGY,CALIFORNIA INSTITUTE OF TECHNOLOGY,YC1YP79BFD19,6e76fa33-2d96-c636-941c-bca1997db076-C,095633152,2227558074.68,
PERATON,PERATON INC.,ZBPQEJVECCT4,129fccb1-783c-9fd1-7b6d-6ddea65ace79-C,602938771,2209957329.85,
BATTELLE MEMORIAL INSTITUTE,BATTELLE MEMORIAL INSTITUTE,CWKJEXDG79A7,74457bb7-b18d-9762-896e-e575e7a4ed82-C,032987476,1943604574.77,
ADVANCED TECHNOLOGY,ADVANCED TECHNOLOGY INTERNATIONAL,LDMMF472BB93,2308f9b4-daa6-7448-2621-356e83baa206-C,025172953,1898887672.13,
JOHNS HOPKINS UNIVERSITY,THE JOHNS HOPKINS UNIVERSITY APPLIED PHYSICS LABORATORY LLC,C1HBCJ9RMBV3,4eae43e5-e1f1-0e77-b2fe-09a12a9a552c-C,040549461,1697111191.27,
DEPLOYED RESOURCES,DEPLOYED RESOURCES LLC,GFTGQRJ8F959,c7182f2d-51c0-8f51-d5cc-02630b0a90c2-C,013811976,1580075544.12,
SPACE EXPLORATION,SPACE EXPLORATION TECHNOLOGIES CORP.,C6M7C2FLKER5,8a3a5525-3218-a488-db0e-4823241ceb90-C,120406462,1501332275.97,
MASSACHUSETTS INSTITUTE OF TECHNOLOGY,MASSACHUSETTS INSTITUTE OF TECHNOLOGY,SN5KKUDR9LY8,00129762-bb69-300b-a2fb-ff1b071b1e42-C,001424985,1460909736.87,
BAE INFORMATION AND ELECTRONIC INTEGRATION,BAE SYSTEMS INFORMATION AND ELECTRONIC SYSTEMS INTEGRATION INC.,F9AVUZ8YBGQ6,cdc6b956-a9c8-8548-7902-4512c9ccb343-C,005149120,1440273468.92,BAESY
REGENTS OF THE UNIVERSITY OF CALIFORNIA,THE REGENTS OF THE UNIVERSITY OF CALIFORNIA,PKK5TD16N4H1,9df6f273-648d-cf72-c4ef-346f414c585c-C,003985512,1419507197.19,
AEROSPACE,THE AEROSPACE CORPORATION,YA8LJBJCND19,6cbea0a9-b56a-1fd8-3dee-e808ea373a4b-C,009553637,1334760380.68,
MITRE,THE MITRE CORPORATION,DMHDNDCPWUD1,3903ae3c-2661-60bb-cdd3-1f26ad214167-C,040540304,1240732081.26,
MANTECH,"MANTECH ADVANCED SYSTEMS INTERNATIONAL, INC.",JY2BDT2K58Z6,ceac1920-9ceb-17a6-9bf7-026817a02917-C,139627525,1207628903.46,
CHEMONICS,"CHEMONICS INTERNATIONAL, INC.",DSUSFJFR9A33,71710641-1c0a-d4c7-a593-1c039ee88fa2-C,867714768,1199292873.78,
RAYTHEON/LOCKHEED MARTIN JAVELIN JV,RAYTHEON/LOCKHEED MARTIN JAVELIN JV,WGB7GAKM7A68,2acfbd75-26c2-0328-d37e-27e90dcef4db-C,606777241,1195448730.87,
BELL TEXTRON,BELL TEXTRON INC,N5QUZAYGPKM3,9f062daf-f500-7d41-53d7-5248be76b69f-C,062923321,1188255202.50,TXT
KBR,"KBR WYLE SERVICES, LLC",L693MQDFLKD1,a0a87c1c-b46f-7c1f-9eb0-a389f77904a8-C,049045933,1174345574.37,KBR
ALLIANCE FOR ENERGY INNOVATION,"ALLIANCE FOR ENERGY INNOVATION, LLC",DVGLNXBURMP3,b5d8d22f-d83a-3e58-af13-5381d3c31019-C,805948051,1167681746.06,
UCHICAGO ARGONNE,"UCHICAGO ARGONNE, LLC",JA8EP8EKX8Y9,41abc24e-d794-7e40-35af-944b40645d57-C,624449968,1165048541.04,
AMENTUM,"AMENTUM SERVICES, INC.",QEMLRQA7PLG4,fe5366b4-84c8-12ff-126f-f123de29819c-C,961530545,1160147884.36,AMTM
ROCKWELL COLLINS,"ROCKWELL COLLINS, INC.",J4Q3HP6NHK47,fbaf2f7a-d2a8-a4b8-2388-3abc483658a7-C,060605883,1111118257.41,RTX
CGI,CGI FEDERAL INC.,TRKEP1HEBNS5,d86df7af-f6c1-a07a-ccc4-ec74331bafc5-C,145969783,1044627568.70,GIB
SIERRA NEVADA,"SIERRA NEVADA COMPANY, LLC",N1PWVLN6F4U1,fbd9af5f-b33e-9331-9063-295f6910ddf1-C,800945581,1022292095.63,
FCN,"FCN, INC.",JEANDJTZ8HJ3,3792ca7f-d5d2-d89c-872b-8c64e4e6390e-C,615378007,994122482.18,
L3,"L3 TECHNOLOGIES, INC.",FRJQGQHDX4J3,b09dcd04-a8c9-ee78-bf74-30e428504408-C,008983355,964170129.65,LHX
GUIDEHOUSE,GUIDEHOUSE INC.,N9NJK877QJK9,a0cb5664-8703-c7dc-a188-4a96f90a16c9-C,022582428,899754451.25,
ORACLE,"ORACLE HEALTH GOVERNMENT SERVICES, INC.",DT2KS3HH5FP5,9232b26d-789d-bdd2-5a6d-28714f1dfa2c-C,080898173,893430462.61,ORCL
FOUR POINTS TECHNOLOGY,"FOUR POINTS TECHNOLOGY, L.L.C.",H1KHJPJH9R51,2a4d3db7-e268-7b36-3610-c75337f0b7e1-C,089896737,866754495.29,
BELL BOEING JOINT PROJECT OFFICE,BELL BOEING JOINT PROJECT OFFICE,JHFZTG8ZC9V2,846d3ff4-b2cb-3924-018c-2dee1e0259b7-C,106632750,848371120.64,BA
HII,HII MISSION TECHNOLOGIES CORP,GS7HBMNZEMK3,09209b6d-af2a-79f6-ec11-b314812e454b-C,963450866,844527122.61,HII
ROLLS-ROYCE,ROLLS-ROYCE CORPORATION,KHK8QYLFGLU1,ae61fda0-8744-9361-a177-0ffcabb70c2e-C,804754141,836793810.87,RYCEY
BROOKHAVEN SCIENCE ASSOCIATES,BROOKHAVEN SCIENCE ASSOCIATES LLC,R85KZ9JP3NM3,a5024890-88ca-4c65-a382-b8beefb2111d-C,027579460,797151615.00,
BUSINESS MACHINES,INTERNATIONAL BUSINESS MACHINES CORPORATION,VV9KH3L99VE3,6ffc4386-853e-ef89-67e8-22c28ddcf15c-C,835130485,782964934.46,IBM
PARSONS,PARSONS GOVERNMENT SERVICES INC.,NMBCAG1JBKL7,cb0d434a-9ad7-93b5-09dc-6067d8c45d71-C,006908511,781685690.41,PSN
THUNDERCAT TECHNOLOGY,"THUNDERCAT TECHNOLOGY, LLC",UER4AJLUB8D5,dbceb126-f729-60e7-d55a-ba235f519653-C,809887164,770038732.25,
FERMI RESEARCH ALLIANCE,"FERMI RESEARCH ALLIANCE, LLC",E1EUJL3KLKX5,fe39e268-ac10-da9a-1cda-9005f239d33a-C,626399831,766164573.38,
LELAND STANFORD JUNIOR UNIVERSITY,THE LELAND STANFORD JUNIOR UNIVERSITY,HJD6G4D6TJY5,0c13d643-4334-38ed-1952-0db7e2ac5e56-C,009214214,725817825.19,
MINBURN TECHNOLOGY,"MINBURN TECHNOLOGY GROUP, LLC",WN8JFVZTBCA5,625ff1da-e9a2-cbdc-c8b3-fdd521fd1efc-C,965431815,698956473.62,
HONEYWELL,HONEYWELL INTERNATIONAL INC.,KBL6XLDCXKG8,360760cb-a2ed-6aa4-2d81-a7909557d12c-C,009000050,698584479.55,HON
ANDURIL,"ANDURIL INDUSTRIES, INC.",KC3CH2MSK7Q3,1869c03a-77bb-b66c-469b-988719bbec4c-C,080788349,644547749.92,
V3GATE,"V3GATE, LLC",J4KHM5JY79E3,d46ad2a7-ed19-9535-4f24-787705845610-C,808862598,633793169.13,
FORD MOTOR,FORD MOTOR CO,QD3MLADL7366,4a8a3973-3640-6b1b-95a5-c93d26884389-C,080241867,580261245.29,F
DEFENSE AND,DEFENSE SYSTEMS AND SOLUTIONS,NWKQVQED4C81,34029cc2-a3ce-6e12-3143-ed585c513530-C,080602723,546020374.09,
TORCH,TORCH TECHNOLOGIES INC,YA63J5PVEZE6,4185d6ab-6726-b8f6-b5f8-8d839ccb063c-C,122515708,526210177.55,
BAE INFORMATION ELECTRONIC INTEGRATION,BAE SYSTEMS INFORMATION & ELECTRONIC SYSTEMS INTEGRATION INC,LL86LYMYHK36,b3f30bd6-735c-4e80-496e-ca69d0c1851c-C,007181493,511643879.95,BAESY
LIBERTY IT,LIBERTY IT SOLUTIONS LLC,GLGMWJ8EVMR9,2d9a559d-25cf-52c9-ab77-545026f70977-C,965605293,510650029.85,
AEROJET ROCKETDYNE,"AEROJET ROCKETDYNE OF DE, INC",JCZYYYQ7JGF5,f87ea7aa-b645-2932-36c2-e89cb4e9a016-C,196094283,506210293.23,LMT
TEXTRON,TEXTRON AVIATION INC,LH8RF2CKLWK5,e91d8566-9d98-0b52-e41f-3afaebeaa161-C,079880866,503461595.83,TXT
BLUE ORIGIN,"BLUE ORIGIN WASHINGTON, LLC",SH2ER4W6LH13,0347a12c-6b74-43ee-1e94-4986e09d6a5e-C,618309723,484344306.00,
SALIENT CRGT,"SALIENT CRGT, INC.",Q5LJNF15T2R5,fd25b722-602d-ec58-3a7a-d6555b8d8ea7-C,849550983,480880029.69,
IRON BOW,"IRON BOW TECHNOLOGIES, LLC",Q2M4FYALZJ89,132f5878-a9b2-eeda-115a-041797eaf981-C,827714507,474627292.22,
SERCO,SERCO INC,DKJ1R5ABCN48,89bcff2a-2813-19f6-92a5-47dd33313207-C,928859149,473684210.93,
MICROSOFT,MICROSOFT CORPORATION,FMVPEWNJGLM1,dd77b7c3-663e-cb91-229f-5766a50e9b7f-C,081466849,468115135.21,MSFT
NEW TECH,"NEW TECH SOLUTIONS, INC.",XK11LLUL61A7,e0f8746a-9a3b-810a-257a-cae2d63868da-C,020149303,457638549.66,
GEORGIA TECH APPLIED RESEARCH,GEORGIA TECH APPLIED RESEARCH CORP,L3G5SBQ2PLK5,36ac2fcd-7f60-603d-ffe7-a3101dd0bc95-C,364124651,453720034.17,
CAE,CAE USA INC.,HVQBAL5E7R23,9e67b08e-3216-1899-37a1-aec1a547f83f-C,130788826,450654034.21,
BAE TECHNOLOGY,BAE SYSTEMS TECHNOLOGY SOLUTIONS & SERVICES INC.,LX3BSV6NNW58,2e141abe-fe8f-7ddc-e6a3-8bb2165836be-C,103933453,447287323.17,
ICF,"ICF INCORPORATED, L.L.C.",QHBLBNKKV4U3,f7268051-dfb6-e5cf-ab3d-11235ea4137f-C,072648579,407324132.94,ICFI
ODYSSEY CONSULTING,"ODYSSEY SYSTEMS CONSULTING GROUP, LTD.",GUXLUYETMM48,036ad08c-f0d9-227c-a4d8-5185dd387ab8-C,090739830,389805152.10,
ECS,"ECS FEDERAL, LLC",XYB4JU4PA6T4,ed304eb7-3464-d0e8-d3b2-66199b0e0fcb-C,806026852,386577396.56,
CFM,CFM INTERNATIONAL INC,Q6HPK83NVT26,aaa9ecdd-9fa1-85ab-d4e5-8d5f806ed19e-C,060928587,385380924.13,
AEROVIRONMENT,"AEROVIRONMENT, INC",MWKWXVSSC518,5c230f88-bf30-19f8-5853-79c1472f53a9-C,118081356,383872348.12,AVAV
WORLD WIDE TECHNOLOGY,WORLD WIDE TECHNOLOGY LLC,C8VFSNKTMQB6,d96a4bfd-2da7-00c1-948d-44005efba1a1-C,614948396,375367471.59,
BATTELLE,"BATTELLE SAVANNAH RIVER ALLIANCE, LLC",KNXDWU1G3E81,9a7b543a-2b81-001e-d309-3a0f027dff01-C,117519705,363398700.35,
RESEARCH TRIANGLE INSTITUTE,RESEARCH TRIANGLE INSTITUTE,JJHCMK4NT5N3,8303ed9b-9fb4-3e90-ca81-50bbcf400948-C,004868105,358275391.52,
FOUR,FOUR LLC,X1JJYEW4HAN9,c07a6919-cdf9-7d1f-a566-40a65f12479b-C,789007064,354096728.66,
CARAHSOFT TECHNOLOGY,CARAHSOFT TECHNOLOGY CORP,DT8KJHZXVJH5,4e74aeb5-dd21-20a7-63bd-e9f934d69583-C,088365767,351713501.31,
DELOITTE,DELOITTE & TOUCHE LLP,F9KSDU7L9VP6,921ab747-c89d-0aa2-e86e-5fa9b858e626-C,187107958,343295458.70,
GOODRICH,GOODRICH CORPORATION,JZNWHLVKADJ9,5bfb9ab2-f7c6-35fa-f7ee-bae0b11cd2b5-C,939743829,331499045.12,
FCA,FCA US LLC,GVAKTC49BNJ8,fca82c16-eea0-87aa-760c-e419b390d40b-C,830966904,329659174.97,
PENNSYLVANIA STATE UNIVERSITY,THE PENNSYLVANIA STATE UNIVERSITY,NPM2J7MSCF61,f12508df-b414-7a41-54a0-3351d8ed6cb0-C,003403953,327869837.36,
MATHEMATICA,MATHEMATICA INC.,T41EGEAK2L35,f2614075-5f79-8bb5-9d8f-f6057e8dc3c7-C,154308522,321576021.21,
LAUREL PARTNERSHIP,LAUREL TECHNOLOGIES PARTNERSHIP,JLREE96WGKM5,69f87500-7b7d-1324-a404-72573498e80a-C,193955036,320215627.06,
DATA LINK,DATA LINK SOLUTIONS LLC,PPVTFMDK1NN5,c98b136d-0e1d-f50a-801c-a39f5aca7224-C,018619986,319541800.72,
LIVANTA,LIVANTA LLC,E3B4DNLM5ZW9,f4cf766a-de61-8350-4740-afe34caa7dd0-C,172035300,314839254.00,
BCG,BCG FEDERAL CORP.,EFNQK7LCF373,e0fc1ba7-7f61-1986-d36b-ac0ccc27e77a-C,078814635,310936761.66,
OHIO KEPRO,"OHIO KEPRO, LLC",JR5NJFML3KX3,fa6b0123-b6be-8a67-ab87-254f2ba72f23-C,132055026,298576424.00,
ALSALAM AEROSPACE INDUSTRIES,ALSALAM AEROSPACE INDUSTRIES COMPANY,XXK5EKS9W2J4,9e6e9dd3-7558-12f8-b857-4ed9601d2276-C,645021460,296982864.67,
AFFIGENT,"AFFIGENT, LLC",M46UYYHVH4B1,b8d01603-144c-7b0c-ecf0-24060cd72b94-C,141089040,294604080.20,
WESTAT,"WESTAT, INC.",NVUWAFWQ57S5,1a05eb77-da74-5790-7cc1-11f261fd252e-C,049508120,293845976.03,
ALLIANT TECHSYSTEMS OPERATIONS,ALLIANT TECHSYSTEMS OPERATIONS LLC,HBCXZGZJ83M4,e9c32d8f-2650-128f-4ba1-a806aadfdffc-C,122809887,288382900.99,
SONOVA,SONOVA USA INC,N5VSMWF4G7K7,fb00211d-fb2b-a453-6408-0afb71cb2867-C,075908876,280298784.61,
APPLIED RESEARCH ASSOCIATES,"APPLIED RESEARCH ASSOCIATES, INC.",LTMGBJ76B9D8,e4f166e8-db1c-b7aa-1fa5-f9bd4d7879f5-C,097967608,277626516.65,
PARKER-HANNIFIN,PARKER-HANNIFIN CORPORATION,D8HJPMFFSGS3,137b38c4-bf6f-f07e-ff51-388f7c2748b9-C,110345936,275719357.98,
KRATOS,"KRATOS UNMANNED AERIAL SYSTEMS, INC",GURMFDFLENX4,50f9dcb6-f3c8-f75d-1ab2-1b380b024d65-C,147543086,271731301.68,KTOS
ADVANCED COMPUTER CONCEPTS,"ADVANCED COMPUTER CONCEPTS, INC.",CGE8ABMZLZN9,72ca0d6d-bfb3-664d-fa88-47cacc8687d3-C,116193400,268820357.78,
CANADIAN COMMERCIAL,CANADIAN COMMERCIAL CORPORATION,FA38CTVQM319,feff6bf5-0c8a-4590-0796-eec837a63efa-C,207884594,267903751.39,
EMERGENT,"EMERGENT, LLC",NUNVJJM2UYY1,d20dbc28-ffde-003c-e506-9e3a16d343b6-C,781797712,265964554.05,
IT CONCEPTS,"IT CONCEPTS, INC.",GJ5YALPQMCH1,06a58e22-1667-d970-e0c2-078eacc221ed-C,968872213,263548209.84,
MAXIMUS,"MAXIMUS FEDERAL SERVICES, INC.",TREKW6J3QSF5,f87b435f-0b05-95c9-7c0e-e60df7cdff50-C,364221593,263095759.72,MMS
COUNTERTRADE PRODUCTS,"COUNTERTRADE PRODUCTS, INC.",CN4KSKX2UQY5,99253b24-712b-034b-e1a4-77c8e86b4b5b-C,144293636,261879344.69,
DRS NETWORK IMAGING,DRS NETWORK & IMAGING SYSTEMS LLC,MC27B7LGBL34,d2126cd6-57c0-413f-1983-5b4216598036-C,884634718,259561664.44,
FLEET VEHICLE SOURCE,FLEET VEHICLE SOURCE INC,CGAKREGGN9J3,70cfcc5e-6463-439c-995c-5d2e7305f4ac-C,038135986,253225175.06,
COGNOSANTE MVH,COGNOSANTE MVH LLC,XDDKMXTVJSN8,8040802b-969d-bb42-f639-49fa32dcf7ea-C,169939688,252449843.51,
GENERAL DYNAMICS-OTS,"GENERAL DYNAMICS-OTS, INC.",Q9SBTF8ELUP4,3a02f6ab-9df3-cbfd-b60f-1542efce4906-C,003567125,250511282.62,
METGREEN,METGREEN SOLUTIONS INC,J4TDZHLCUGW3,2f9b400e-dc80-c49f-f49b-d0f639359e45-C,079535234,247715031.20,
TELEDYNE,"TELEDYNE BROWN ENGINEERING, INC.",FBRSJB6V4LW8,78ec491d-7c2b-71fe-33cf-48692f533970-C,113633189,235332659.67,TDY
DLT,"DLT SOLUTIONS, LLC",F1N2KDGBDTU8,abde3f7b-54a5-dbb5-7db4-5c1474b8cdff-C,786468199,231401710.49,
SIEMENS MEDICAL,"SIEMENS MEDICAL SOLUTIONS USA, INC.",KFMJVLKNLZ75,fd8478b1-626d-1d4a-edc9-c5fd5914996f-C,103231817,224895260.41,
GULFSTREAM AEROSPACE,GULFSTREAM AEROSPACE CORPORATION,NGABP44KQF33,416e01b8-a579-75ca-d731-d28aca2e2d59-C,088935366,221795839.42,
BLUE TECH,BLUE TECH INC.,MDC5LDZKQAM4,1d2b86ed-22ef-ab63-ef2c-787925497c54-C,121701957,221739870.23,
TISTA SCIENCE AND TECHNOLOGY,TISTA SCIENCE AND TECHNOLOGY CORPORATION,L73LKJ1JCVM7,505c4513-ce60-a739-a179-fd5a47a2297e-C,611509055,220869116.13,
GOVSMART,"GOVSMART, INC.",DJACUETFQUL8,a4ce814d-f601-2150-98bf-6f203db0ea2f-C,961600272,220482693.94,
LINQUEST,LINQUEST CORPORATION,HQBRRJBLDQ37,94657412-ad9f-323d-a845-cf0021e8dfb7-C,140389763,220393881.95,
GOVERNMENT ACQUISITIONS,GOVERNMENT ACQUISITIONS INC,R98MW4ZKUUK3,bcd07db9-001a-b962-dbab-d463bb99028f-C,603814054,218656347.37,
INTREPID,INTREPID LLC,HNK6ED5J3BN9,cc42d153-b742-6bde-a3b1-db4376a3307f-C,136578262,217590930.54,
TECOLOTE RESEARCH,"TECOLOTE RESEARCH, INC.",EETHKKLA2VB4,d8f9524f-faae-66f1-0094-c37a117d7b3b-C,074108176,216436815.52,
JEFFERSON SCIENCE ASSOCIATES,"JEFFERSON SCIENCE ASSOCIATES, LLC",MTWLVRJR54N7,922e681a-31fd-7c94-54df-717d940a89c9-C,557181422,213801442.91,
APPLIED RESEARCH,"APPLIED RESEARCH SOLUTIONS, INC.",KHUUB19KDMA3,674dc223-0116-908c-4bad-17e86f80414e-C,807990382,208174602.07,
MODERN TECHNOLOGY,"MODERN TECHNOLOGY SOLUTIONS, INC.",R8KMUKAJRKJ6,b4ef6003-1f01-d9c4-b29f-b4e2015f014e-C,807454640,204930949.21,
THALES DEFENSE SECURITY,THALES DEFENSE & SECURITY INC,HNNUJXHSXGU3,9074aacb-5498-a169-52a1-84bfc51ab116-C,003253788,204648110.93,
SOUTHWEST RESEARCH INSTITUTE,SOUTHWEST RESEARCH INSTITUTE,PB11V1KH3KV4,445af2f9-543d-9e63-c6fd-0feebf238d59-C,007936842,204601742.88,
VIASAT,VIASAT INC,L9Z1ASN3B8E7,3e01e0d6-80fd-1df8-fd7c-08efc2828a82-C,175096619,204393590.15,
RADIANCE,RADIANCE TECHNOLOGIES INC,YXRLX5PDCWK4,daaa0b56-dd2e-9bbf-1efa-a8b8240c3162-C,031994218,203014654.70,
CHARLES STARK DRAPER LABORATORY,"THE CHARLES STARK DRAPER LABORATORY, INC.",GTJHZE4M7YK1,875a4072-7b37-6250-a5ab-8428c8e47565-C,066587478,202634404.07,
JOHNSON CONTROLS,"JOHNSON CONTROLS BUILDING AUTOMATION SYSTEMS, LLC",LFD2YFMZJ1J3,0d1a2358-e8ec-6142-7139-ea3ae4401a11-C,827861662,202060259.02,JCI
EMPOWER AI,"EMPOWER AI, INC.",HC6QJAM2F4E3,4ba55072-0228-c003-d8a4-067938e3a80a-C,620864504,201203829.07,
DOMESTIC AWARDEES (UNDISCLOSED),DOMESTIC AWARDEES (UNDISCLOSED),KA5HQCLKUVW1,b34cb2e3-60c2-69e0-9288-a94226437041-C,790238638,201091707.77,
INTUITIVE RESEARCH AND TECHNOLOGY,INTUITIVE RESEARCH AND TECHNOLOGY CORPORATION,M227DFMCJY67,47f4f1d7-8101-2ec0-c3e8-3841ec247ed6-C,034964945,199818342.76,
GE PRECISION HEALTHCARE,GE PRECISION HEALTHCARE LLC,JJURYE5M19G1,df31c503-bd81-c7e7-3f7a-659eb76e1b08-C,,198134455.14,
SOFTWARE INFORMATION RESOURCE,SOFTWARE INFORMATION RESOURCE CORP.,EJJMMJHYDFH6,2a71ed51-39c8-082f-31a0-f31d55a0a651-C,938265865,189939691.17,
SCIENCE AND APPLICATIONS,"SCIENCE SYSTEMS AND APPLICATIONS, INC.",PJ2SP76D3HJ3,58f27a06-8b13-db66-44e8-66fff87b6bb7-C,087694808,189724626.77,
TEKSYNAP,TEKSYNAP CORPORATION,C2T2JWN1D2K4,bf8c69f8-88f5-8c87-a3f1-229dde3c0af4-C,827860300,184947631.58,
HAMILTON SUNDSTRAND,HAMILTON SUNDSTRAND CORPORATION,JC42EBJ5NFJ1,464a5b15-000e-8668-246a-c4067a6f0452-C,071767334,184794046.50,
BAE SPACE MISSION,BAE SYSTEMS SPACE & MISSION SYSTEMS INC.,C8ZLJ61YJ528,f414ac71-05ca-f93c-6efa-a79cbe0dcfcd-C,926451519,184501735.47,
UTAH STATE UNIVERSITY SPACE DYNAMICS LABORATORY,UTAH STATE UNIVERSITY SPACE DYNAMICS LABORATORY,Z3KMZ212SL85,d40557c2-6876-05d9-0860-a0e72d4483ab-C,097760433,184283813.32,
AMERICAN,AMERICAN SYSTEMS CORPORATION,CFWRL5LXXX93,64f84c6a-3ec2-0244-a2e5-bcc7e4a5a2ca-C,077799799,183264925.05,
COLOSSAL CONTRACTING,COLOSSAL CONTRACTING LLC,F4M9NB1HD785,decd8e4d-0c57-0c5c-0a05-c76dce02e356-C,831720946,181932238.74,
PHILIPS,PHILIPS NORTH AMERICA LLC,T41NB3MDAPZ6,e7ca1519-17c6-3176-c3cf-cbe3b37f1f77-C,079503890,181720361.51,
SPATIAL FRONT,SPATIAL FRONT INC,J1ADW6BL8MN5,f702b7a6-2200-5cd4-c840-cdab470fcb25-C,833175917,180987879.98,
RED RIVER TECHNOLOGY,RED RIVER TECHNOLOGY LLC,JT4PZH4BX5T9,b8289dc0-984f-6d16-9d31-0ac8ab3f63ec-C,933678708,180424363.52,
KELLY,"KELLY SERVICES, INC.",Y3FCQR7FW2E1,3b892078-df85-fd93-42ad-7c86d68bc7e4-C,006958318,178906155.01,
SRC,SRC INC,DC9UXK381JR5,bc09d110-a50a-c7bc-8773-5d72392c4c2c-C,063053771,175729527.54,
GENERAL MOTORS,GENERAL MOTORS LLC,DG8EN42LYHL6,2a839246-22d5-baf9-2c2f-aa4b3b9dc37f-C,013372573,171873623.00,GM
ASSOCIATION OF UNIVERSITIES FOR RESEARCH IN ASTRONOMY,"ASSOCIATION OF UNIVERSITIES FOR RESEARCH IN ASTRONOMY, INC.",W1NBN156CYF9,bc396b9b-bdab-f7b7-b1a8-1409da07fdc0-C,101460871,170643552.98,
PAE GOVERNMENT,"PAE GOVERNMENT SERVICES, INC.",JENBF1KKWZ93,fd602973-d119-7ced-a3e7-11ecee5a9318-C,809790017,168455322.12,
CREATIVE IT,"CREATIVE IT SOLUTIONS, LLC",DSHBDPKJC569,c433e797-379b-f44f-fe65-f227f90e6a99-C,079414233,167385220.60,
REI,"REI SYSTEMS, INC.",YRNMVN96JC17,2e7503c5-6983-7a2c-e936-7f5f9567445a-C,608999520,166326617.11,
GOVCIO,"GOVCIO, LLC",D84JK2RNL7V4,0eac385c-8f65-cdfa-5f38-e31678aede60-C,965479863,165574594.40,
CARNEGIE MELLON UNIVERSITY,CARNEGIE MELLON UNIVERSITY,G4P3TF8PFH73,490fb579-bf1f-3021-0f49-6127474e3a46-C,189570740,164693650.04,
FAIRWINDS,FAIRWINDS TECHNOLOGIES LLC,R3G6PWHQRAY5,29efc594-6891-a465-5460-35af813de98c-C,080308420,163599400.22,
GARTNER,"GARTNER, INC.",CFALLJBGZ697,ebe6041c-c99b-fb52-193d-1d9ad18e645e-C,097220180,162834347.30,
MANAGEMENT,"MANAGEMENT SERVICES GROUP, INC.",N8NGW9BXG5R8,8f32d5ed-271c-05d1-5080-a57c1f1d25f8-C,006543826,160663499.96,
SOFTRAMS,SOFTRAMS LLC,P4X8JNU7TMQ7,032a0d60-c2bc-9e9b-abe5-d6e488d48084-C,006410953,158024299.15,
OASIS,"OASIS SYSTEMS, LLC",MST2Z1EG1HV7,bc62a539-da64-77c2-0b2b-286752741463-C,176018810,156457608.12,
HPI,HPI FEDERAL LLC,DJRUN4KK1HK3,5854bb09-e3fb-546c-f374-0845f138f8e8-C,079871826,155187055.76,
GREAT HILL,"GREAT HILL SOLUTIONS, LLC",D3DYHNPJ6W14,f7747802-731c-0690-b7a1-8774bfbfae9b-C,081088054,154847855.85,
B 3,"B 3 GROUP, LLC",SVSAKVZJN1S7,54434db9-a2ce-5e00-a398-2db911f96c3f-C,832900018,154735200.13,
COMPANION DATA,COMPANION DATA SERVICES LLC,FMV5MKKUNH36,0b22b365-b4ae-4eef-1792-b31b435ca131-C,362904331,154580560.00,
AXIENT,AXIENT LLC,MHJ2S6K2LKP5,e4f80b7a-5e27-decc-84ee-2790e8737c62-C,011971939,153286913.44,
STEAMPUNK,"STEAMPUNK, INC.",LJZTDJWPG431,063933ec-ff9e-6092-a518-37a029be4c71-C,129148610,152512522.92,
ALL POINTS LOGISTICS,"ALL POINTS LOGISTICS, LLC",KNDAEKSMLLE4,ba2921b4-1e9e-7e4d-00f1-c3a1f903a4c1-C,968451591,152361872.05,
ALVAREZ,ALVAREZ LLC,Y928UVG75CT6,d55dabdb-0c89-b6e8-e4f5-5817d2be7b63-C,160759135,151123353.18,
RAND,THE RAND CORPORATION,YY46Q97AEZA8,c2e789dd-a647-f435-a418-0a918163d623-C,006914071,149008045.81,
DCS,DCS CORPORATION,FJS8P9C6B368,6eb1a41a-0f06-b7ec-39f3-5c94f8248a6a-C,083662916,148142613.95,
BRASADA FORD,BRASADA FORD LTD,RU2SY2JCWKP4,bc3fcf4b-dcdf-f8a0-f669-c74e15fb3fb2-C,620485276,147509510.00,
EMERGENT PRODUCT DEVELOPMENT GAITHERSBURG,EMERGENT PRODUCT DEVELOPMENT GAITHERSBURG INC.,CNPVCR8DK7M8,f11cb234-3721-7806-3e4f-08dbd0408f5d-C,189488554,145628759.71,
UNIVERSITY OF TEXAS AT AUSTIN,UNIVERSITY OF TEXAS AT AUSTIN,MG1PPMPNS9G3,f429caf7-a212-0335-4424-29e2faced514-C,127688380,142942363.95,
CREDENCE MANAGEMENT LIABILITY,CREDENCE MANAGEMENT SOLUTIONS LIMITED LIABILITY COMPANY,FZNCSKF4X6D9,421be47b-ffc8-a394-1f62-a25955938c63-C,805875718,140485861.12,
PPD DEVELOPMENT,PPD DEVELOPMENT LP,ZANENSW6C665,af7be35d-35de-b60c-73d2-10a63b8f12db-C,362574527,139704493.50,
AMERICAN INSTITUTES FOR RESEARCH IN THE BEHAVIORAL SCIENCES,AMERICAN INSTITUTES FOR RESEARCH IN THE BEHAVIORAL SCIENCES,MCN6J5L6M3T4,0e232f5f-5cc0-3d79-f26b-893dc8cced0e-C,041733197,137934764.49,
COLSA,COLSA CORP,EH2ULQUQ2KG9,0e75bcea-cce2-b87c-0073-6fc8862b9d29-C,102067378,137049300.85,
INNOVATIVE MANAGEMENT CONCEPTS,"INNOVATIVE MANAGEMENT CONCEPTS, INC",E1KJG94MCPL7,724e5b77-bde4-5e41-654b-0d45a11d7132-C,605691807,137026986.27,
PRESCIENT EDGE,PRESCIENT EDGE CORPORATION,UCR9VMCCN3H5,4177ecc7-1ce6-7fb1-a60a-84dd7c0d436b-C,054722554,135330726.53,
SECURIGENCE,SECURIGENCE LLC,Q56SJRTSJSE4,fe569147-ec14-c7b1-0396-b9c5fa2d212f-C,034461779,135127784.57,
SENECA STRATEGIC PARTNERS,"SENECA STRATEGIC PARTNERS, LLC",V9BHF33RNSG1,047c0362-a498-3e37-2059-f847e9ab3cec-C,117466856,134700948.87,
DEV TECHNOLOGY,DEV TECHNOLOGY GROUP INC,EBHPGDLGQLB5,d768b60a-beaa-2e46-7aa5-6df63e232bb2-C,105667401,133965343.24,
SYNERGY BUSINESS INNOVATION,SYNERGY BUSINESS INNOVATION & SOLUTIONS INC.,UDNBG3G6ZMM6,23ddd4b3-ef51-6e2b-d727-c07c943712fb-C,826338498,133964595.13,
AXIOM SPACE,AXIOM SPACE INC,WAXDQTVKGQE8,b86453e4-d917-78e1-6af2-eb04bcaf9b47-C,080411954,133797526.01,
PAR GOVERNMENT,PAR GOVERNMENT SYSTEMS CORPORATION,TJYESMKRB5X5,21d536cb-2ddf-f5fd-e845-485be06d0423-C,192609972,132710613.00,
TECHNOLOGY SERVICE,TECHNOLOGY SERVICE CORP,NY98VECEW8H6,5cab96dc-cdd4-81ec-1af4-83fd0b00fc4a-C,053885604,132153258.09,
MAG DS,MAG DS CORP,YJCQHLKKG3W5,d67f40c0-1d20-fa4a-173d-eb96bfec5874-C,836498902,130464494.82,
SMITHS DETECTION,SMITHS DETECTION INC.,FHKLJV1NP651,f3261357-004d-9f85-a1b9-c147727004ca-C,194239018,130009475.54,
UNIVERSITY OF DAYTON,UNIVERSITY OF DAYTON,V62NC51F7YV1,58d13fb1-427c-0461-53db-341b90f81c0c-C,073134025,129962388.55,
AMGEN,AMGEN USA INC,XPGNQMXHP493,c4a5ad8c-8508-57f1-d795-c77512f85fe9-C,962075045,129850670.38,
ACUMEN,ACUMEN LLC,XVMTJF1497P1,43b6a6cc-9216-fae5-3cba-fffd776feb1c-C,083778964,128238076.56,
VETERANS EZ INFO,VETERANS EZ INFO INC.,HH52KZGMV2Y6,ec9ccf31-7869-05d6-9acf-2e7bcef863f9-C,078454673,128154813.06,
AGILE DECISION SCIENCES,"AGILE DECISION SCIENCES, LLC",C6EMRJ67V4M3,4b05f6bb-c9ce-8ef9-4701-7ba8cd771827-C,080677704,127598646.03,
IMMIXTECHNOLOGY,IMMIXTECHNOLOGY INC,L6REMB5VKLL9,064ae3ed-3369-713b-8489-8ff60e8be050-C,098692374,127265492.15,
EARTH RESOURCES TECHNOLOGY,"EARTH RESOURCES TECHNOLOGY, LLC",DFH4YBBMYMU8,157986dd-1d51-b2f0-1f9a-af1c5d1bb5c3-C,090770967,125896712.55,
NTT DATA,"NTT DATA FEDERAL SERVICES, INC.",WLDXH4S6J7G6,f2ea0c78-8087-e053-6dae-e93e20e8f16e-C,066781865,125660226.49,
SPACE NETWORK,SPACE NETWORK SOLUTIONS LLC,C1K1HHDZKB75,5db795d2-8cd4-f80f-1752-6c5478aeba78-C,080736661,125314493.42,
SRI,SRI INTERNATIONAL,SRG2J1WS9X63,a43aff3e-a570-0cb9-f0e5-3f0b2cc7d6e9-C,009232752,124089765.01,
LANCER INFORMATION,"LANCER INFORMATION SOLUTIONS, LLC",NNDATBHM7KY1,ebab4895-f155-392d-b3ec-fca286753df2-C,789481798,122944359.96,
AATD,AATD LLC,X76KEVV61AM9,622d35b6-32bc-08bf-6166-53a270c6277e-C,042861498,122131436.37,
SCIENCE AND ENGINEERING,"SCIENCE AND ENGINEERING SERVICES, LLC",E3D7U1KNNJC8,20362d0e-45a4-f2cc-a767-f32fea886782-C,794757877,122094928.31,
AAR GOVERNMENT,"AAR GOVERNMENT SERVICES, INC.",GFWVNNYFEVR2,f21bf992-9b99-df82-c21a-898a38331075-C,080899079,121544423.52,
SMARTRONIX,"SMARTRONIX, LLC",CMBKC2MHJFK5,19ab04e2-74ac-5802-1022-90f48f550ee7-C,965091606,121495933.36,
PANAMERICA COMPUTERS,"PANAMERICA COMPUTERS, INC.",DPQEDJ6CXZM5,70e674ba-2d79-d6bb-37c8-a03189735d37-C,166669742,121242556.07,
EASTERN RESEARCH,EASTERN RESEARCH GROUP INC,DK4TBEJRAR56,c49e7764-e766-a510-906f-28a765951109-C,112947395,120635737.18,
ARCTICOM,"ARCTICOM, LLC",SM3DL16FHN43,3ff305fc-0c6f-1500-259f-4fa7abed3a12-C,079766453,120057250.14,
FRONTIER TECHNOLOGY,FRONTIER TECHNOLOGY INC,P7SFAJZ6M9J6,801e36af-0e60-77fe-efa1-b96efd50ffb8-C,153927827,119739084.36,
ODDBALL,"ODDBALL, INC.",MHNFNJ1J5RF5,8c52c101-e5d5-be48-ff24-ae7761803253-C,080051825,119591839.61,
CADMUS,THE CADMUS GROUP LLC,WSEZME8NNBA8,dffaf1ab-e1d0-0bc3-14aa-56296c6c3043-C,101163731,119492023.51,
SEMANTICBITS,SEMANTICBITS LLC,C4KLXJ2N4G91,01169c62-a67e-9a7f-9c39-d3c6258605f9-C,155384121,118892898.11,
ATLANTIC DIVING SUPPLY,"ATLANTIC DIVING SUPPLY, INC.",GJMSFBCNMSK3,9c708c7c-f339-5fc8-0455-a5aaea1d2da5-C,027079776,118468396.17,
CDW GOVERNMENT,CDW GOVERNMENT LLC,PHZDZ8SJ5CM1,5f4e5d33-10ef-b0cc-1f33-8835b33808f1-C,026157235,117908037.14,
AGILE DEFENSE,"AGILE DEFENSE, LLC",KRGLGTXRYL94,f7101b2d-1601-28c3-6099-efd981538f28-C,041054441,117804198.42,
AMERICAN ELECTRONIC WARFARE ASSOCIATES,"AMERICAN ELECTRONIC WARFARE ASSOCIATES, INCORPORATED",KJDQBTJ7KUH4,46d107e6-a861-1e03-482f-e201ddda4a66-C,122095169,117777610.54,
INNOVATIVE DEFENSE,"INNOVATIVE DEFENSE TECHNOLOGIES, LLC",QEHMNH93DYH6,6e56ecb0-9986-82a6-43ff-4a1e9b71946c-C,606926769,116301623.99,
PALANTIR,PALANTIR USG INC,HNN4F9JZWDY8,11a97fdb-cb3b-16d2-aa67-a0f7b265b4ae-C,825284321,116152243.64,PLTR
DIGNARI,"DIGNARI, LLC",LT1AZYC3CXK5,aa66c929-1e4b-cf94-befe-0acf26aa35c8-C,079192182,115949129.82,
NATIONAL OPINION RESEARCH CENTER,NATIONAL OPINION RESEARCH CENTER,MPYFY5UMSDP4,5e7406f6-85c5-7077-5ebb-789745b75e2d-C,069512291,115524296.03,
EXECUTIVE INFORMATION L L C,"EXECUTIVE INFORMATION SYSTEMS, L.L.C.",MKF6VA9NZLR8,589f33bf-0a5c-824b-5e51-d1c6cb930fb5-C,938289527,114940511.47,
PROVIDENCIA,THE PROVIDENCIA GROUP LLC,J351QRK6L4J1,b617c119-a6de-433d-fbd9-4e833a52b3bf-C,117882948,114811023.93,
ELBITAMERICA,"ELBITAMERICA, INC.",TBLKC12FCDH8,3b8a1582-15d6-d8d8-48ab-b6e173535d46-C,800765331,113756425.17,
AERO TURBINE,"AERO TURBINE, INC",LUMJB673C9K9,fe10576e-df5d-2921-c447-b394396f56de-C,021780689,113559629.91,
KNIGHT POINT,"KNIGHT POINT SYSTEMS, LLC",NP74V9C64DN5,183e8b7e-04ae-1ad9-0165-65b1fa0358ac-C,622594492,113023275.72,
SAPIENT GOVERNMENT,"SAPIENT GOVERNMENT SERVICES, INC.",JFSULRKLVCB9,48a14819-43ca-e7c7-e42b-c3aa96235a01-C,611823738,112747773.02,
KARSUN,KARSUN SOLUTIONS LLC,WTERVPLW2SS6,0262ab5a-f1a2-e043-4c33-fa492145b96e-C,832226802,112673540.25,
SIGA,"SIGA TECHNOLOGIES, INC.",VJRNRTSL22K4,a2997755-49f8-69ea-9b02-3057fb859360-C,932651516,112552320.00,
AUGUST SCHELL ENTERPRISES,"AUGUST SCHELL ENTERPRISES, INC.",PPMBFPRXNAJ9,85fe27a9-a9cf-c3d2-21e3-87e0f77b0ded-C,877238592,111533647.47,
HAMILTON SUNDSTRAND SPACE,"HAMILTON SUNDSTRAND SPACE SYSTEMS INTERNATIONAL, INC.",LFZJHMW3EJ39,efc5f063-27af-3505-b2ba-0942484a744f-C,009962767,111005000.00,
SIGMATECH,SIGMATECH INC,G2W1NL736LE8,c9b40665-bbaa-4a0d-8ce4-5717167a604d-C,193460839,109956845.03,
DELL,DELL FEDERAL SYSTEMS L.P,N1C5QLNPJLS4,3612de0a-9635-3846-a5a1-7f555fba52df-C,149530219,108166858.77,DELL
NAKUPUNA CONSULTING,NAKUPUNA CONSULTING LLC,FAP4HJHRMJU3,51bacc97-94bb-ed39-8aa1-7aacb336c2d0-C,117672240,107755693.60,
COLE ENGINEERING,"COLE ENGINEERING SERVICES, INC.",KPTFNV8G23L1,236ac8d6-bc81-9510-0225-1d6f38cf4b71-C,146066829,107595153.90,
KPMG,KPMG LLP,MAA3SBSDQVM1,6432ec51-4000-ee31-2f37-d259e7a75d15-C,080298309,107242894.54,
ULTRA ELECTRONICS OCEAN,ULTRA ELECTRONICS OCEAN SYSTEMS INC.,SVHJHMJH65S8,f078089b-fd45-9b60-a77d-cc20c668fe84-C,139130681,106614160.54,
TECHNOLOGY RESEARCH,SYSTEMS & TECHNOLOGY RESEARCH LLC,SA7ZWUEM9RG4,c233e603-0df0-d9ad-fbf7-04ba608a0f7a-C,964928464,106253250.33,
SPARTON DELEON SPRINGS,"SPARTON DELEON SPRINGS, LLC",H7KFX5RH75K3,13c8b5ab-4fff-69fd-2232-aa37d916b8ae-C,042398701,106061243.12,
GOVPLACE,"GOVPLACE, LLC",JMVMGGNJGA29,8467a285-b38f-7ccf-fb4c-9c52c4762e7c-C,957050883,105989440.85,
I3,I3 FEDERAL LLC,T8BVM29MEWU5,d466924a-46e8-7e29-9360-266030d4c8d9-C,785013215,105396234.68,
ALPHA OMEGA INTEGRATION,ALPHA OMEGA INTEGRATION LLC,NF34JCA2PME3,e497f5e9-e86b-d863-b57c-6956d568afee-C,962799982,105262977.65,
STANDARD AERO (SAN ANTONIO),STANDARD AERO (SAN ANTONIO) INC.,DK4FFWX369H9,d55a6ee1-7f20-3660-b0b8-97d4c9d31f49-C,163090769,103856111.34,
JAMAICA BEARINGS,"JAMAICA BEARINGS CO., INC.",YQWKDTNVB4J9,82f222d8-322d-fc4f-0a95-cb390a9ce29f-C,001826627,103695438.92,
GZO,"GZO, INC.",N1D1QHD3JA45,8bc1cafc-7b2f-93c3-b75f-79bacdfb07e2-C,078571314,103668765.28,
KONGSBERG DEFENCE AEROSPACE AS,KONGSBERG DEFENCE & AEROSPACE AS,V24HYE4YVGH6,2f22cbe0-84d3-21d8-f5eb-bc0207105ebb-C,730361318,103111698.00,
UNIVERSITY OF WASHINGTON,UNIVERSITY OF WASHINGTON,HD1WMN6945W6,8a022699-f7be-356a-f01a-3aa6f76016ef-C,605799469,102214905.34,
LANTANA CONSULTING,"LANTANA CONSULTING GROUP, INC",E4PYLU3XDL39,fe2abc11-7e2e-8112-8bea-3bfcf219e597-C,557565814,102124006.14,
BY LIGHT PROFESSIONAL IT,BY LIGHT PROFESSIONAL IT SERVICES LLC,NKKQE6FG4C28,f22eaf09-af96-bea0-f0c3-2876676ec949-C,132027694,102119609.31,
MAVERIS,MAVERIS LLC,NEKWPBM5VT33,28acf7d6-a03e-98b2-ae85-d99bbd8c3f6c-C,079819668,101849610.67,
OTICON,"OTICON, INC",V6ESJZM8JVU7,51b0fc73-2daa-ba79-61c9-84a0cb0e8374-C,161029913,101752702.23,
AERODYNE-SGT ENGINEERING,"AERODYNE-SGT ENGINEERING SERVICES, LLC",M7H2UMXAD9V3,cf84d383-a58c-fc3f-4835-a1c3280936a6-C,081288454,101244456.22,
EMMES,"THE EMMES COMPANY, LLC",NBQCBJ6FXBU4,9d4c45a9-af83-30ed-2d2b-7be7d3df49b9-C,096360284,99978440.30,
BAHFED,BAHFED CORP,TQ2KDQLRL8F1,385fc558-6774-83d9-9b51-953dec04283b-C,078277396,98989538.04,
RRDS,RRDS INC,N6HLN4H7TJF9,1186194a-aad6-7bf5-5a15-7f82bfedbc12-C,079249789,98632503.27,
SPARKSOFT,SPARKSOFT CORPORATION,JXL3M7N4DWX5,d03d8a89-08e8-0366-c6f2-02c1551a6838-C,800441755,98018628.87,
AURORA FLIGHT SCIENCES,AURORA FLIGHT SCIENCES CORPORATION,K1L1BZLNPWC4,23c9b680-370f-e3eb-79d0-f1afc23e13fc-C,604717165,97629030.77,
J F TAYLOR,"J.F. TAYLOR, INC.",N69MTSWBLK77,5f914a14-5846-8f8a-aa4b-58ff187995f2-C,114358625,97456820.01,
SABEL TECHNOLOGY,"SABEL SYSTEMS TECHNOLOGY SOLUTIONS, LLC",F65SGFW2TUC6,efa6a83f-5d3d-3a3c-6916-68ced5ef4e9c-C,131784725,96233209.81,
LMI CONSULTING,"LMI CONSULTING, LLC",QVEKLLJUGHJ7,9291f485-a281-155d-c22c-1821a912cefe-C,117404874,96158317.61,
PARAGON MICRO,PARAGON MICRO INC,E41LV9AJGHQ1,8249282d-ed64-da04-74bb-8dbf49c9cca5-C,800436714,95907384.27,
INDEX ANALYTICS,INDEX ANALYTICS LLC,QYFPCDC4JMC5,2e5190eb-609b-6b63-0bd7-aea8dee8afa8-C,078727384,95535381.10,
MINDPOINT,MINDPOINT GROUP LLC,RFT6PGN45CG5,e67a48c1-6405-7dee-3f72-542f8454d2da-C,829296669,95472405.73,
ASRC SYSTEM,ASRC FEDERAL SYSTEM SOLUTIONS LLC,FD7JDCJ4AMF9,72067fac-0ca1-c385-07a1-3db3b8f3411f-C,079914721,95363655.99,
CQ JV,"CQ JV, LLC",HUL8QJNGQJ15,1cbcefdd-cc1e-46fc-81d1-35305e476479-C,117071140,94816345.01,
WESTERN DOOR,"WESTERN DOOR FEDERAL, LLC",EJVWRH7GWKM3,e4de6a96-7d30-8880-6a7b-e142b83ef1cd-C,081097564,94279264.55,
CH2M HILL - CDM PA-TAC RECOVERY,CH2M HILL - CDM PA-TAC RECOVERY SERVICES,JN64M1FN5551,c4fedb36-63e4-1136-2bac-854a764afc57-C,829380182,93969004.20,
ELECTRIC BOAT,ELECTRIC BOAT CORPORATION,E7BEKJ4V9528,d5ab5f51-db3a-a26f-96a1-1b24c3e2802c-C,963737366,93775610.98,
22ND CENTURY,"22ND CENTURY TECHNOLOGIES, INC.",QT2VZ9L1VPQ1,26a2f4e1-d541-6dbc-2cc8-2eb7af4ca03e-C,028619588,93162683.12,
IGOV,"IGOV TECHNOLOGIES, INC.",JKJ7JTLJJHR6,45764df7-cbcb-63d3-d13c-00c00d869778-C,167880181,93129566.96,
CACI-ISS,"CACI-ISS, LLC",EPPXR2P9KYU6,3da8307d-6dcb-c1a9-13be-fd84086d7b4c-C,616205675,92831197.24,
ITC,"ITC FEDERAL, LLC",JP1AJYKRSMC4,c004d114-4ef7-6b37-5b1b-dc2588174987-C,787042998,92336963.15,
GLOBALFOUNDRIES U S 2,GLOBALFOUNDRIES U.S. 2 LLC,RUSME6Z46ML6,7a59fb88-f5b6-cf5a-9b66-75103cf2c1b1-C,079816100,92329544.85,
APTIVE RESOURCES,APTIVE RESOURCES LLC,CP2JANC9NLK1,8fd7e07a-60b0-cb41-25f5-10784c4b61ef-C,828890751,92279141.83,
NOBLIS,"NOBLIS, INC.",NPJ9GV7K4CL1,7d96988d-f5f9-0427-55f1-bd3bf36777be-C,932902364,92185925.82,
RELI,RELI GROUP INC,ZZEFBLYZN5B1,27d1396e-6220-99d3-ebf0-a775a91d36b6-C,078787816,92151718.59,
KONIAG MANAGEMENT,KONIAG MANAGEMENT SOLUTIONS LLC,ZZYLVTN9ZCQ8,046106f6-e4f9-c735-c5d6-6367b71f498f-C,081295612,91682847.25,
IRON VINE SECURITY,IRON VINE SECURITY LLC,UL2BFA85ME72,8e74902e-0b78-5369-b4a4-85524f4c5290-C,018510309,91491740.21,
ASSURED INFORMATION SECURITY,"ASSURED INFORMATION SECURITY, INC.",PPEKTM9CTAJ3,e5e572d2-35d2-2bc6-6335-fda9d2dda81f-C,085851181,91460083.28,
MICROTECHNOLOGIES,MICROTECHNOLOGIES LLC,CL69E7KATK59,839e805e-7095-0376-08b1-f1e61beb9b66-C,145454182,91222410.98,
RAFT,RAFT LLC,M9ALV9LKVDC3,c36be5b4-7ac7-0b04-1068-7614c6dddfaa-C,080033961,90525811.25,
ANACAPA MICRO PRODUCTS,"ANACAPA MICRO PRODUCTS, INC.",CYX7XBK19BU4,a7060a5f-e8f7-e482-ceb4-e7f97a3ed5cb-C,556496370,90436544.91,
SEV1TECH,"SEV1TECH, LLC",HST3AH9JCNN1,355a083e-bded-6e23-4c75-1ca254c160e9-C,962121286,90388223.67,
TWO SIX LABS,"TWO SIX LABS, LLC",EP8HTN6PUJW3,0ea12e4e-2436-9483-0c45-9c799258c634-C,619134914,90121803.89,
GE AVIATION,GE AVIATION SYSTEMS LLC,ZFPKQ7L6T884,5a553103-a4e2-29fc-501c-594cee2aef6b-C,003259561,90057018.93,GE
HX5,HX5 LLC,C134QVM1QLB5,385dd1df-55cb-ae3f-a24c-0b7430d4ae02-C,781841080,89797282.22,
BLUEHALO,"BLUEHALO, LLC",FV5WK6YTN215,7c85f29e-c034-3a2f-18f5-9072f876a712-C,074689217,89729830.54,
CYNERGY PROFESSIONAL,CYNERGY PROFESSIONAL SYSTEMS LLC,GK55J77VGN84,c37ed355-cb9c-bbe3-b51e-f1e8e6fb9923-C,832018290,89705578.46,
FAVOR TECHCONSULTING,"FAVOR TECHCONSULTING, LLC",R4WTAS3E7BA4,4b91d726-1ebd-eccc-8880-29db13a1daee-C,808250745,89474779.41,
AXLE INFORMATICS,"AXLE INFORMATICS, LLC",J4DNP7JJ1MU3,42cd8754-63c7-5fcd-2bef-651175ecc88f-C,020277339,89070298.40,
ATI GOVERNMENT,ATI GOVERNMENT SOLUTIONS LLC,C1ZLDAS18FJ3,6ae410e8-78d6-a857-e19b-6516876f15c5-C,078291604,88178684.09,
FEDSTORE,FEDSTORE CORPORATION,CA6PTFD9GKK3,de156356-1833-fefa-04df-719370121423-C,051237027,87779005.60,
ASCEND PERFORMANCE MATERIALS TEXAS,ASCEND PERFORMANCE MATERIALS TEXAS INC,LQW8PZHYU783,77a75b14-8346-9509-c5c1-ea668a9986fe-C,,87666337.42,
NAKUPUNA,"NAKUPUNA SOLUTIONS, LLC",V4GVJZF4S263,346c58a1-4716-4995-baeb-e94afb8143c8-C,081007372,87214091.16,
INMARSAT GOVERNMENT,"INMARSAT GOVERNMENT, INC.",UK8HWZTN2QG3,a76066ea-2b38-7251-6fd8-dab62b297127-C,122598159,86963636.13,
ABT,ABT GLOBAL LLC,C9S1NLQ67626,4b2f02c9-273a-8c69-ef1f-2e98bf47f78b-C,058595539,86747570.59,
LEARJET,LEARJET INC,YVUQCZA3MFT4,15f7051e-cebc-671a-d693-87e1201522bb-C,007234313,86692276.00,
PERSONNEL DECISIONS RESEARCH INSTITUTES,"PERSONNEL DECISIONS RESEARCH INSTITUTES, LLC",KGZ7ELR8QJM6,8ccdac14-ed77-83af-da40-58f2073e887e-C,037335296,86298219.52,
INSERSO,INSERSO CORPORATION,K18HRGF7HW21,550b25e6-a0ee-e1ef-d841-a42b53b287d5-C,059354865,86290950.86,
STANDARD-BLAZAR,"STANDARD-BLAZAR, LLC",DZ9XM5UDFN29,b57aca37-e609-e1f0-bb13-222830eab1e2-C,117288714,86183519.31,
DLH,"DLH, LLC",NQL3JEME2443,7dc5787c-1843-acc0-ff3f-e83c0b1341ab-C,169884546,85034359.26,
DH,"DH TECHNOLOGIES, INC.",NKC2AB3ESFP5,3b8298c2-5bfd-7fc4-bb07-ad4c20d92543-C,078815475,84941378.73,
ASRC FACILITIES LOGISTICS,ASRC FEDERAL FACILITIES LOGISTICS LLC,NENSLR2C1VH9,16b7202a-1f85-bbe9-9a70-ac3d3d564f93-C,117252290,84293930.52,
CONTRACTS,FEDERAL CONTRACTS LLC,TK67EL9NPMD9,6181a4d1-cd82-4b42-0ada-6ef138a92afc-C,094261935,83840461.50,
DRS SUSTAINMENT,"DRS SUSTAINMENT SYSTEMS, INC",FG7HKV9NTDK5,69e0bc60-3c33-981b-b6f2-080ec54f14f0-C,006265466,83669750.80,
REDHAWK IT,"REDHAWK IT SOLUTIONS, LLC",QGAAEMCMJXQ7,4c61a834-8a33-b7ca-aaa3-d58f9baf2e49-C,801957023,83669193.65,
DYNAMIC,DYNAMIC SYSTEMS INC,Z78DJNKYJ2K5,b3f4a970-826f-4d84-8f0f-3b66cffeb27d-C,825062813,83531201.29,
GM DEFENSE,GM DEFENSE LLC,Y3J5B74JL4J1,cec0f228-893b-bedf-9285-e4d369a0e62f-C,081127205,83170018.11,
HALVIK,"HALVIK, LLC",VMRTJLWMQRH7,2ed31089-b7b4-7b1f-a182-2c09a533d721-C,013052108,83164016.66,
SYSTEM HIGH,SYSTEM HIGH CORPORATION,L6ALJCC5JF13,9f190e55-63d7-267d-ee73-4bf1cc09075c-C,614970205,82364910.67,
BARRIOS TECHNOLOGY,"BARRIOS TECHNOLOGY, LLC",EHD6UHNJVH66,8b5328a1-a579-d89a-5423-6ac8d4577551-C,039526231,82349119.39,
JJR,JJR SOLUTIONS LLC,FTEMBMQ3SGR5,8eaa67d5-d00c-3cb4-380e-f36cc9937a18-C,828029442,82345038.48,
SIEMENS GOVERNMENT,SIEMENS GOVERNMENT TECHNOLOGIES INC,R2VGJTEMCNL5,711c8d6c-e61e-ff97-78a4-2240a45d8684-C,105162098,82066792.02,
KAY AND ASSOCIATES,"KAY AND ASSOCIATES, INC.",NHQJPMYJEVJ9,786f8c14-b830-8268-438c-dc6341f83e2d-C,067448076,82060145.25,
BLACK CANYON CONSULTING,BLACK CANYON CONSULTING LLC,WB3LFMA4KM45,e4df6d9e-ef00-4bc2-8547-e801e7f887eb-C,080819702,81238534.59,
FIBERTEK,"FIBERTEK, INC.",DX8KTH7JHYC6,37710b11-317d-4961-43ce-16722f04f89e-C,107940207,81186434.23,
HUMAN,HUMAN TECHNOLOGIES CORP,Q8MQGT311353,fe7b7284-9771-e7ba-5f61-92f5844c7fa7-C,075814673,81086600.74,
NOVA AN EMPLOYEE-OWNED ENGINEERING,NOVA TECHNOLOGIES AN EMPLOYEE-OWNED ENGINEERING COMPANY,PLXPJBCX84H5,258e00ce-869c-02d4-594e-274af8082b39-C,017444196,81016792.79,
MP,"MP SOLUTIONS, LLC",PZJMAWLDYJJ8,f20d2a12-b5a9-83e7-8386-42f133dc95c4-C,117005743,81014893.77,
SMITHSONIAN INSTITUTION,SMITHSONIAN INSTITUTION,Q7N8CH7NR418,b9c84403-30df-7651-340e-6f71d13d5362-C,003261823,80145130.82,
TUNNELL CONSULTING,TUNNELL CONSULTING INC,FDHJCNNVUY53,c5686ad9-4596-7dd6-9479-a22986390606-C,928197235,79832342.78,
TRANSAERO,"TRANSAERO, INC.",G1EVUT8EBLV1,4454fc72-c69e-58e9-a9e7-e9ea7f8922db-C,012895066,79730098.85,
ESIMPLICITY,ESIMPLICITY INC,HTCQFJB8LLV3,11a5f99b-96fc-48fa-2fb9-1e774006c5b3-C,080019191,79679725.63,
ENVISTACOM L L C,"ENVISTACOM, L.L.C",JCJ5T8BDKC73,65a07d8c-be7f-156f-d12e-3027046e36d0-C,968250378,79493733.86,
KADIAK,KADIAK LLC,S58NJBBDKRF5,ccff2236-58a4-bdbe-3deb-8a5333f10f7f-C,080193549,79152603.91,
REGAN,REGAN TECHNOLOGIES CORP,PJ2BS3KYWKS5,b8e9bca3-d236-b6e9-1384-a45afa5d9e98-C,111580007,79039322.62,
STERLING COMPUTERS,STERLING COMPUTERS CORPORATION,YZTLALWM4UC7,456a17c9-3bd9-f107-77ee-816e474d173e-C,938836541,78713367.11,
DESIGN WEST,DESIGN WEST TECHNOLOGIES INC,ZF7LGVS1XZX9,13d86d3b-7429-dd2e-bece-a0ad488910fd-C,877937870,78501589.21,
OCTO METRIC,OCTO METRIC LLC,MC6UGLKT3UE5,48122cad-bf56-e0d5-0645-95fe4aff4cde-C,081045104,78325093.89,
PROCENTRIX,"PROCENTRIX, LLC",KPGEH1F7E1M4,8216388a-5427-879f-9db6-bbc959f0c4ea-C,626154640,78159390.00,
HIVE,"HIVE GROUP, LLC",WC2WA7J7DJJ9,206ea931-afb5-c196-331e-be2bc4cc0250-C,081264226,77958509.33,
LDRM,LDRM LLC,N8Q9B2ALYVP3,4473d4a9-7aab-6cda-8efb-64e383bfd36d-C,081028464,77894801.26,
MAGELLAN,"MAGELLAN FEDERAL, INC.",MFYCXCNW4WL5,2d99de66-dae6-be97-bf85-f0df84e5df5a-C,830333824,77802915.55,
REGENCY CONSULTING,REGENCY CONSULTING INC,SC8LMLWA6H51,b6010741-8577-b3d7-bed6-b9fcff3518e1-C,029790073,77595005.06,
COMPQSOFT,"COMPQSOFT, INC.",KTU8QJE27RN8,24724179-ffa9-b86c-b68b-26ce7f4088ab-C,140460283,77427142.49,
OMNI FED,OMNI FED LLC,H5CNKFXTJ973,57a8488e-fd15-bde5-7d27-e75c8949855d-C,080622114,77225113.72,
ATEC,ATEC INC,EXAWDKRALAD5,d1ccfc6d-99e1-f0ea-af7b-093e5deb1bda-C,026595124,76647472.03,
TITAN ALPHA,TITAN ALPHA LLC,EGLRC9AH8XA7,ab7f9c95-5f86-babe-a5a9-bbfad02baaeb-C,081008841,76222748.46,
THREE WIRE,"THREE WIRE SYSTEMS, LLC",U8H9F5MLU957,7678e55d-3da3-0606-7fb1-da24efbc7cda-C,783193175,76101014.60,
AKIRA,AKIRA TECHNOLOGIES INC.,E7RRWZMHYG13,c74ef19a-66b8-7c0a-e3c6-817b5b675967-C,605928246,76040236.28,
SAAB,"SAAB, INC",H5FMLSGM29L1,7d2ce7d4-ca1b-ffed-9f57-c00e22be152e-C,079563790,76039742.75,
SIERRA7,"SIERRA7, INC.",NP4TUKF8QCM5,4c8a4efd-2123-0b6f-3767-e43cf1681a8a-C,832644186,75395902.87,
SEVATEC,SEVATEC LLC,KLYLRLJG9921,9f6bbc75-a556-15ed-3c5a-150eb76b477a-C,132599668,75348582.17,
GAP,"GAP SOLUTIONS, INC.",F8GUESLHSWJ7,55991bd7-1546-f5b6-451c-8012c89927a2-C,120439869,75311723.42,
A SQUARE,A SQUARE GROUP LLC,K22WGLWY6ZK6,ed7bc9ba-c097-8bdf-b0e7-033fc8d83380-C,967077848,75287062.62,
VALIANT,"VALIANT SOLUTIONS, LLC",GKF8ERUXED41,0eb731a1-05a5-3ded-505b-64c2af785b40-C,607825929,74466346.07,
AIRCRAFT READINESS ALLIANCE II,"AIRCRAFT READINESS ALLIANCE II, LLC",YML5PYS652E6,e1487db7-e6c8-e818-68fb-1f861b2af020-C,118391984,74405219.44,
CYMSTAR,CYMSTAR LLC,FM7GT4YQQAN1,e9155745-785c-711f-512a-22da7719daa6-C,137785155,74086233.95,
NAVA PBC,NAVA PBC,E9T7F9N2ERR4,4a5ba8be-f336-2b9d-5169-fc227f96c3de-C,080016630,74076274.38,
ASSURANCE TECHNOLOGY,ASSURANCE TECHNOLOGY CORP,SM9GYA9YD5M7,b8195c34-742a-c1c7-b81e-1a9a5a5df52d-C,069338820,73887529.56,
SUMMOME NATIVE VENTURES,SUMMOME NATIVE VENTURES LLC,DRB4CPKGSA45,b3459998-0ab3-e193-1752-5eb96b70a574-C,118279689,73635900.17,
TUKNIK GOVERNMENT,TUKNIK GOVERNMENT SERVICES LLC,GN2VKJH7LBC3,eb3864be-89b2-cfc7-91d3-27a3caebeda0-C,079495837,73334542.67,
MBDA,MBDA INCORPORATED,C7TGB5U411J7,1c17b4bc-d96e-110d-cc6e-aa8cafc74838-C,797420486,73034975.29,
LEWIN,"THE LEWIN GROUP, INC.",KRVRMDJKAA16,2cd822cf-04c8-0397-8526-d6da8ff340a8-C,197325277,72791810.35,
DAI,DAI GLOBAL LLC,JKMEF5QVJK24,f5131cc3-19f5-1683-c880-bdc9614ba308-C,066781956,72245042.28,
APTIVE HTG,APTIVE HTG LLC,L2LMMGFF12A3,6aaa6772-73c2-9906-f017-449531974c02-C,117021448,72109630.20,
ENTERPRISE TECHNOLOGY,"ENTERPRISE TECHNOLOGY SOLUTIONS, INC.",FBRMCGPMN963,b3bf0045-a393-0c84-7e1c-41efc4b25c9e-C,005050346,71557183.87,
IMPRES TECHNOLOGY,"IMPRES TECHNOLOGY SOLUTIONS, INC",MSSQQ551LG41,729e2015-0309-7429-56c8-a6446b735171-C,011182784,71412016.39,
RESOURCES,FEDERAL RESOURCES CORPORATION,FZK7KZZJYNQ9,48009a20-54f0-eb69-f814-43c52319796d-C,102932709,71363965.50,
P E,"P E SYSTEMS, INC.",PUZ4TAWZLMS1,5e12ae61-be8e-706a-510e-cffaafd530b4-C,867796989,71305444.40,
MITCHELL VANTAGE,MITCHELL VANTAGE SYSTEMS LLC,KXABSMPRN3C8,c37f4e53-8649-e11b-bd51-1b138d3e8dde-C,117417934,71107227.46,
EAGLE HARBOR,EAGLE HARBOR SOLUTIONS LLC,RCFMRKZL4235,b294d979-c2a1-b568-3512-a9ac2c28d89f-C,080193557,70965246.04,
CLARITY INNOVATIONS,CLARITY INNOVATIONS LLC,MLCEWFN6PHL3,254b3a41-c143-7bf0-4675-d073c74155cf-C,967845392,70132565.62,
SUMARIA,"SUMARIA SYSTEMS, LLC",E5R8L9CN3JG5,75e8dbd9-8d6c-e37e-85c0-150b6248b135-C,146389622,69943436.24,
DYNAMO,"DYNAMO TECHNOLOGIES, LLC",P3DJNPYU6KY3,bc03ae95-a4bf-f415-2df4-f2f4bedd6447-C,078589741,69859315.34,
DIGITAL MOBILIZATIONS,DIGITAL MOBILIZATIONS LLC,HNQSMWKJ2K41,5fb1d87e-3e25-496f-381d-9122f4c1422b-C,080159027,69850353.01,
SEHLKE CONSULTING,SEHLKE CONSULTING LLC,E1BDKBCFD2A7,effba513-ce36-82be-b4a6-4244376219e7-C,078311932,69797697.48,
NATIONAL GOVERNMENT,"NATIONAL GOVERNMENT SERVICES, INC.",TJNDFEALGTB5,9668679c-e45b-76b9-c5c8-62cd7c157d08-C,807899653,69741034.18,
PLANNING AND ANALYSIS,"SYSTEMS PLANNING AND ANALYSIS, INC.",TRE8LWVNNXL3,0a2926cc-4d2e-6cfb-62d0-f65d0e91ebb1-C,074814948,69693607.46,
EPSILON,EPSILON INC,JY5SWCCPG5L7,a8d6b655-c921-67cd-f712-5775d68904ca-C,829877328,69440555.18,
STARKEY LABORATORIES,STARKEY LABORATORIES INC,JJ2LV57KNKL7,1d13a714-47a0-7987-7e81-0550507645dc-C,055461479,69386822.59,
DIRECTVIZ,"DIRECTVIZ SOLUTIONS, LLC",YXH4AGD2LGF5,3ddbaf72-144e-f93c-6729-72003a9b1b88-C,078579152,69371140.42,
NATIONWIDE IT,NATIONWIDE IT SERVICES INC,RR2VC8Y3MK47,6185f9d1-db2b-d628-2eb4-6958d29d264b-C,788518996,69116776.59,
EUROMIDS,EUROMIDS,RF7KYWNLDTM7,9c85d748-e97b-e2c1-ee79-4cdbdf1973b0-C,504775920,69035951.03,
ABBOTT LABORATORIES,ABBOTT LABORATORIES INC.,NH3LDK8CFAK7,f740eb86-a84e-ddf4-03cf-fe9834b257e5-C,127208879,68797217.01,
TRIBALCO,TRIBALCO LLC,XVNBJ1QJY5N4,d5ea71c2-8a43-2a4c-875e-4cbd942d888d-C,166665245,68766519.83,
METAPHASE CONSULTING,METAPHASE CONSULTING LLC,ZH8ACM4ZWDL7,46ab4a7b-cf07-7227-8022-2024d8e16c57-C,039027166,68534893.11,
ADNET,ADNET SYSTEMS INC,H33XV7N1QDX3,7e29d787-6472-8c8c-2360-ff95a9c118d1-C,807284971,68281196.00,
CMA TECHNOLOGY,CMA TECHNOLOGY INC,PG4AHPP8MDN6,cc8db4bb-e620-4759-cc9c-bee85c8b7e72-C,627808942,68173229.33,
QINETIQ,QINETIQ INC.,D59PAWL7C3J5,39259f00-4e82-79ef-4e26-bdb23d6bfb10-C,806951570,68016205.26,
FEARLESS,"FEARLESS SOLUTIONS, LLC",YUZFZ7G7J7D3,a6fc99d5-4787-697b-0d48-a69c3ede2b84-C,829602304,67907763.69,
EMERGENT BIODEFENSE OPERATIONS LANSING,EMERGENT BIODEFENSE OPERATIONS LANSING LLC,JLLWGQX6LNA5,c52a5fea-527a-e1fe-245e-97245012d4d0-C,081005624,67400676.00,
BECKMAN COULTER,"BECKMAN COULTER, INC",PU6HHX2R11C7,790cc276-b1e8-5d50-e48e-4b2a8304b4b5-C,153910070,67298822.75,
SCIENTIFIC RESEARCH,SCIENTIFIC RESEARCH CORPORATION,FAK7LNGRNAN5,7905361a-d6ee-2495-f5e3-9ed8ce4fcd1b-C,197138274,67018008.89,
TECHNICAL RESOURCES,"TECHNICAL RESOURCES INTERNATIONAL, INC.",FAA2LVENETH4,2f1c3a02-e976-99d1-745f-029ad63e23e6-C,057052391,66957404.64,
STRATEGIC TECHNOLOGY INSTITUTE,STRATEGIC TECHNOLOGY INSTITUTE INC,HDFLNVD97EJ3,729df09e-b862-5b69-a6fd-8f77b54988ff-C,153637079,66480587.85,
DIGITAL MANAGEMENT,DIGITAL MANAGEMENT LLC,EMACGJ3EEAT5,5da48da9-52e2-68fc-383f-bb500b230e4e-C,113512359,66177491.75,
RESOURCES SUPPLY,"FEDERAL RESOURCES SUPPLY COMPANY, LLC",UR5TFK3LAVL5,e3e4e272-4f51-0cff-6971-89d6c544d721-C,806647801,66117547.22,
ENLIGHTEN IT CONSULTING,ENLIGHTEN IT CONSULTING LLC,R1V7DQ3VKQP5,ef60f1f1-d857-05bd-637d-aee1f1197946-C,808604057,65887783.04,
PLANNED,PLANNED SYSTEMS INTERNATIONAL INC,UCJYKA5ZB3U7,7bc8ac09-dde3-fd65-5f3b-7dadd9ddbcf8-C,603571613,65558002.27,
SURVICE ENGINEERING,THE SURVICE ENGINEERING COMPANY LLC,XS3JCD2LPEV5,8e21c3cd-7701-16b1-5553-abcd49852fa8-C,035414697,65190183.28,
EKAGRA PARTNERS,"EKAGRA PARTNERS, LLC",Q1DVL2FMEYR4,9f179729-01cd-b1aa-8259-6f7e1a6d6f07-C,059692983,65026622.74,
INUTEQ,"INUTEQ, LLC",NBEWZB8LQ8Z5,83253a28-d5e4-17db-0aa6-15d2c71ba1fa-C,829522403,64893590.93,
SIMULATION,"SIMULATION TECHNOLOGIES, INC",TNPCRLHGD9N6,256bf090-518f-02d5-929f-db378a0a1986-C,118044056,64718198.57,
ELECTROSOFT,"ELECTROSOFT SERVICES, LLC",RU8BMGV411D8,2b375c29-a4b3-51c8-608c-ab829c40e2c0-C,022665041,64461932.15,
MOOG,MOOG INC,L4ZMKLM4MPL3,ada090b1-23c9-76f8-3dfc-602a0a7e3d1c-C,002103166,64373689.02,MOG.A
JOINT TECHNICAL,"JOINT TECHNICAL SOLUTIONS, LLC",UDK4EL8FFGD4,ed7da9fa-08b8-52af-4175-8757b45ef45c-C,118026367,64301299.48,
ASRC HIGHLAND TECHNOLOGY,"ASRC FEDERAL HIGHLAND TECHNOLOGY, INC",FNFFH474NHC8,043c93b7-2995-652c-9a7c-a98c0b7b49f7-C,968189746,64200318.43,
RANGE GENERATION NEXT,RANGE GENERATION NEXT LLC,E6J8JNNJ6AA5,efbf25aa-6c78-4e02-37f9-e9ea57594856-C,078818589,64113554.21,
DYNETICS,"DYNETICS, INC.",FH7ML8E9EWJ7,83f39725-68ce-aaf2-164d-475e790e2b8e-C,075458455,64027802.69,
DNI EMERGING,"DNI EMERGING TECHNOLOGIES, LLC",MKAQAB8ECG69,f9524148-43f1-351c-cec4-36ddf60f93c0-C,117616558,63972640.11,
INTERACTIVE PROCESS TECHNOLOGY,"INTERACTIVE PROCESS TECHNOLOGY, LLC",FECDBHGKD452,5b56e671-83a0-410e-a1d5-68db8a87744e-C,077479959,63471156.97,
MICROHEALTH,MICROHEALTH LLC,C1RQANT6CG57,7db9cee9-fc9b-1639-3c5a-f90c99ae6dbf-C,963809988,63386209.39,
UNISSANT,UNISSANT INC.,U8PWX251MWG6,6be4bd04-2ddc-4a60-2485-c6c3912f2056-C,623884660,63129505.07,
ONEIDA TECHNICAL,"ONEIDA TECHNICAL SOLUTIONS, LLC",V1NDQKKGJ7G4,e9aee953-57bd-9ed6-bec5-acc2dc4c83ae-C,079381098,62972032.26,
IOWA STATE UNIVERSITY OF SCIENCE AND TECHNOLOGY,IOWA STATE UNIVERSITY OF SCIENCE AND TECHNOLOGY,DQDBM7FGJPC5,7148b6ec-c422-d557-aa04-0c8488cc6775-C,005309844,62884753.99,
EDUCATIONAL TESTING SERVICE,EDUCATIONAL TESTING SERVICE,SZN1MPHQN853,e3896a2e-254d-b2ef-073d-a9d99c35d049-C,002508463,62577903.96,
STRATEGIC COMMUNICATIONS,STRATEGIC COMMUNICATIONS LLC,LJZRP7SE5LN4,00083d9e-a764-866f-6f50-a750efc77659-C,878933845,62548382.10,
MI TECHNICAL,"MI TECHNICAL SOLUTIONS, INC.",RH63VKMG2Q83,4a064e7e-283e-e0c7-8549-4ee16e8a1773-C,937579217,62487656.73,
ECHELON,"ECHELON SERVICES, LLC",V6WFXPAQNYC7,7c15ae44-0a7a-b287-d880-77e4e6b3bc29-C,080758459,62341329.30,
ASRC TECHNOLOGY,"ASRC FEDERAL TECHNOLOGY SOLUTIONS, LLC",CA11RWJPADV6,01a03f2d-c40d-4764-04eb-93e265b3623d-C,004683038,61996029.62,
COFORMA,COFORMA LLC,CWKEYCF97KB6,42417878-8169-6d32-c411-21f88461b9ba-C,080987122,61927864.69,
TUNDRA,TUNDRA FEDERAL LLC,DUDQALWDJ4J5,742b54ac-2258-c97c-c99d-837738b058d4-C,079736582,61731042.12,
SIGMA DEFENSE,SIGMA DEFENSE SYSTEMS LLC,CZ2ZTPRJ1JW4,55b6b5ec-f875-a569-5029-b58837db4214-C,786713466,61347807.68,
ITCON,ITCON SERVICES LLC,WTMSNFD6P9J3,e4b3a038-4887-ba57-f1a9-b3d8e7fcd170-C,831611756,61062311.57,
TRIMAN INDUSTRIES,TRIMAN INDUSTRIES INC,VWX3JEES4FF7,58066858-87e7-cdb8-6f7e-de093686ad6e-C,966423352,60968174.25,
ALETHIX,"ALETHIX, LLC",F4EQF8UKA2K5,183083c0-2cbc-1903-c64f-5370f91554ae-C,078440915,60670780.12,
C5MI INSIGHT,C5MI INSIGHT LLC,M9XWK2TNKWW9,dd2e00f3-729a-2625-f3e3-85ddeaeb272a-C,,60395971.52,
TEKPRO SUPPORT,"TEKPRO SUPPORT SERVICES, LLC",G6WGYB8SKE53,b91cdbac-13b9-0027-4d4c-559293663353-C,080424750,60316526.68,
NETWORK DESIGNS,"NETWORK DESIGNS, INC.",LCT9TCMAMQ11,9314c6ca-e51e-b4bb-64f5-29f569b38735-C,957449812,60098592.77,
THOMAS INSTRUMENT,"THOMAS INSTRUMENT, INCORPORATED",M3DSAMDJMXY8,a3a9fc8e-f241-89c3-e429-9c154c50d9ad-C,008091316,60032188.24,
ICR,"ICR, INC.",N2U8KLM48JG1,f96f39e6-82af-1407-a756-5fc0011d5246-C,079267087,59920118.08,
AVMAC,AVMAC LLC,HLLKJP6ZVFB3,c2cc41cf-6a78-992c-bf83-0f8c071a65bb-C,831160960,59849671.90,
SUMMIT CONSULTING,SUMMIT CONSULTING LLC,FNYSF7X4ELS5,bffed3a7-e990-8581-56d2-c284fa9d4232-C,134631675,59814534.48,
TANTUS,"TANTUS TECHNOLOGIES, INC.",HG5EUM78L3Y9,6b5e23b6-679c-f577-4121-2eb0e713f32f-C,113006444,59780424.85,
GOLDSCHMITT AND ASSOCIATES,GOLDSCHMITT AND ASSOCIATES LLC,UA16ZXLPQWY6,a5819e43-f5f3-d9d4-2253-f2f966141b3c-C,014735067,59695024.61,
EDUCATION DEVELOPMENT CENTER,"EDUCATION DEVELOPMENT CENTER, INC.",WWH4L4GKKW58,4a3f736d-5b24-dadc-592e-04cd891c92cd-C,076583830,59693039.57,
GREENBRIER GOVERNMENT,GREENBRIER GOVERNMENT SOLUTIONS INC,KVMTJANNET58,5ca88440-a6c3-e664-edc6-4cff137c4fa1-C,080083427,59582490.30,
RSI-QUANTITECH JV,RSI-QUANTITECH JV LLC,WGPCPHF95RY6,e1b55302-90bb-96ac-3428-ed567cfa9713-C,117166990,59195305.00,
FLIGHTSAFETY DEFENSE,FLIGHTSAFETY DEFENSE CORPORATION,G6ZEWHPSV5D9,266f31fb-e458-df55-24c2-61ae47fd27cd-C,105699292,59058254.58,
POWERTRAIN,"POWERTRAIN, INC.",FFFBN9JMAKK3,94477b02-5db7-922d-609b-06645c13c20c-C,837788223,58861808.99,
ARLLUK TECHNOLOGY,ARLLUK TECHNOLOGY SOLUTIONS LLC,YH7RBH5GJYJ8,48bdf281-7735-5050-a5e0-d45de41b7923-C,080205103,58775736.39,
GALAPAGOS,GALAPAGOS FEDERAL SYSTEMS LLC,N3GDEB78RNF8,fff7b97c-2c49-3aea-0239-288216e117d3-C,079835092,58646380.17,
DV UNITED,DV UNITED LLC,HCBJCK2G9EM1,ea59d803-635b-0abc-76e5-841f4489e427-C,557258436,58498156.99,
CREATIVE AND CONSULTING L L C,CREATIVE SYSTEMS AND CONSULTING L.L.C.,CCQBGD21CZR9,c260138e-301c-323a-da05-526c32e86e85-C,963889469,58459548.98,
WOLFTEK MISSION,"WOLFTEK MISSION GROUP, LLC",DVB4FP2XNLJ5,76d0d468-e5ca-338c-cde3-463300341120-C,118085407,58430675.78,
SPECTRUM,SPECTRUM SOLUTIONS INC,N9HABLYNBFQ5,a7a5f962-0e16-2446-cb00-13c3e2a3e1fa-C,040179405,58383098.17,
VAE,"VAE, INC.",LB8JT7MNMYB5,c78c330d-48dc-80ec-0dcf-3076b010cf1b-C,046257734,58354079.38,
TACTICAL AIR SUPPORT,"TACTICAL AIR SUPPORT, INC.",SKFUCM4WSLN3,fbbaa7a2-b324-4790-1583-04e0371c4add-C,100609253,58231200.99,
ROCHE DIAGNOSTICS,ROCHE DIAGNOSTICS CORPORATION,JDMDFEZBYH36,421d7508-3321-6311-abf5-e50fdddfd818-C,001824663,58071114.85,
COMPASS POINT,COMPASS POINT LLC,GXL9RAYKASF5,a69bf40d-70f6-8872-0203-cbdf268bd8e9-C,080686552,58070090.55,
QED,"QED SYSTEMS, LLC",QMWLLXKG6LW5,07745be7-ed36-9334-3f90-27da093aa3b7-C,556389943,58040006.36,
PLANET,"PLANET TECHNOLOGIES, INC.",K7U4K35DBUM4,a4fe8f37-20e5-864d-34f2-35ccc6e4c65c-C,013020685,58013373.39,
AGILE SIX APPLICATIONS,"AGILE SIX APPLICATIONS, INC",UP4JHKJQ9MQ7,dc0f2c89-d77b-11ee-cb24-8d88ae6bd979-C,079622664,57897862.08,
TOYON RESEARCH,TOYON RESEARCH CORPORATION,PK1CB3L39XX8,07260464-657f-c800-4010-c69e124ec72e-C,054672662,57802147.35,
LYNKER,LYNKER CORPORATION,MCLPKDBCDKY7,769ae6c2-ab99-6c7c-d5a0-192e3904c1d4-C,807889683,57450541.77,
MCR,"MCR FEDERAL, LLC",F2LNMXNJ3GN1,8859a06b-349b-dd1b-bdc5-60a16ce8381c-C,028509656,57448821.86,
IST RESEARCH,"IST RESEARCH, LLC",L5SPUJ6EPWB6,20cf7386-1122-bd1b-6c10-9b6591b29cea-C,827627154,57267278.49,
CTG,"CTG FEDERAL, LLC",G2D4Q7UKR5P5,9dd8835c-4d98-c166-d9e6-a923b8ba4f16-C,080932836,57174529.85,
DUKE UNIVERSITY,DUKE UNIVERSITY,TP7EK8DZV6N5,6f191f83-6024-f2be-3012-4b740b10ac7a-C,044387793,56450069.15,
NETCENTRIC TECHNOLOGY,"NETCENTRIC TECHNOLOGY, LLC",T65LCYKJCW58,283e0878-d417-6f63-4e72-531f48f230d5-C,113807676,56174524.40,
SKYLIGHT,SKYLIGHT INC.,F1QZXZNLZJF2,2d30d1e1-04c9-5f01-2aff-5db97d940387-C,080202677,55987482.96,
HUMANIT,HUMANIT SOLUTIONS LLC,ZJEJHF7J5NX1,a12f5241-d743-6988-cb4d-48290e767be8-C,080379081,55937330.98,
DRS ADVANCED ISR,DRS ADVANCED ISR LLC,NDBGSG77NZV5,f5bbaa6a-5e72-5122-095f-cf813ad63495-C,833076883,55821642.55,
CAPGEMINI GOVERNMENT,CAPGEMINI GOVERNMENT SOLUTIONS LLC,DR6MQ56MGFA5,cb03b591-89be-7536-e47d-09e57f30d4b3-C,132048377,55782722.93,
OCTO CONSULTING,OCTO CONSULTING GROUP LLC,X5V6UB9HVCD8,a8d2abcb-8ce1-7b83-07cc-02fe114f9d9f-C,800127859,55624115.48,
TATITLEK,TATITLEK FEDERAL SERVICES LLC,NWH9FNLK5KK1,ae620f7d-58b4-c0c1-d12e-6863436b29f1-C,967887188,55604098.64,
JOHNSONS OF KINGFISHER,JOHNSONS OF KINGFISHER INC,N9E4C9JQ7RH9,7ca8cdc3-7b00-6528-2761-e54bc5986674-C,032964637,55421312.00,
M C DEAN,"M. C. DEAN, INC.",RD55NEXJ5EW4,a81ae18c-cbc0-5d23-ac06-c9243fff1ad0-C,043203249,55271507.56,
GLAXOSMITHKLINE,"GLAXOSMITHKLINE, LLC",FRHTPHMZMX47,0f969aa5-0e1b-b48e-2827-aaec1153c295-C,167380711,55220995.65,
GOVERNMENT SCIENTIFIC SOURCE,GOVERNMENT SCIENTIFIC SOURCE INC,J49CN39QTNW3,faa583fb-c375-c938-9d1f-ab5e70c413be-C,785807611,55207682.71,
MANAGEMENT ENGINEERING,MANAGEMENT & ENGINEERING TECHNOLOGIES INTERNATIONAL INC,HMYJQTNC54D5,e04cf907-2e76-ab0f-316a-3527d60a4f7b-C,074334264,55120038.11,
SWISH DATA,SWISH DATA CORPORATION,DMERLBE3JR53,84a05e3b-8abe-6d1d-7ed7-2027ad5179fc-C,623506107,55076185.72,
GN HEARING CARE,GN HEARING CARE CORPORATION,KG9WYK8CNGK5,383094f0-eebd-7b00-c5aa-1c0bf48a2735-C,173814856,54781120.60,
HEWLETT PACKARD ENTERPRISE,HEWLETT PACKARD ENTERPRISE COMPANY,EFAJMASTF3J7,af8850df-7469-be9b-104e-e8e1f10514ab-C,079871820,54694290.24,HPE
KEARNEY P C,"KEARNEY & COMPANY, P.C.",UC4BPA3LC4J6,7d1bb88e-f48f-cd06-289d-f7f1940c634e-C,186576310,54362487.90,
360 PATRIOT ENTERPRISES,360 PATRIOT ENTERPRISES LLC,CC77N236M9L3,3f38f92b-d01e-37ee-8442-271df8326bc2-C,831340356,54354586.87,
MOTOROLA,"MOTOROLA SOLUTIONS, INC.",HFK9V1G2B513,0ec2982e-1af5-7c07-1267-43ca6833f333-C,069373090,54332316.90,
BUSINESS MISSION EDGE,"BUSINESS MISSION EDGE, LLC",RCTSGXMDGP51,0b9fbf44-0ab5-d1bb-b1a4-f755af306692-C,080189287,54146065.08,
PHYSICAL SCIENCES,PHYSICAL SCIENCES INC.,RMG1AZ1ZH8Q7,f2421335-7cbc-e2ae-5e3c-a18e15cee45e-C,073800062,53846266.10,
TRIUMPH GEAR,TRIUMPH GEAR SYSTEMS INC,FPUND7E6VZF3,7e466472-560f-ea62-56f6-5fdb93810d73-C,828194758,53750336.29,
TRILOGY,"TRILOGY FEDERAL, LLC",QY6ZENEB34D9,fd9d0b5f-3951-f44b-d27f-21cf2c51b40c-C,830206749,53481993.81,
SEACORP,"SEACORP, LLC",DMPKMH1MFSQ1,30b95ce8-2471-0ac7-5aa0-44d8047a537c-C,072118748,53155663.62,
TUVLI,TUVLI LLC,LGYKTQFA4BR5,cc99fb0d-4dd3-648d-aeb7-5d2b2ac07453-C,079736373,52951351.34,
STRATASCOR,"STRATASCOR, LLC",KM9AGSE33MH4,09aef996-8847-3e3c-16a2-85ccc9d0077f-C,080084988,52799606.83,
CELERITY GOVERNMENT,CELERITY GOVERNMENT SOLUTIONS LLC,K4V5LZ9H16G5,ccd78a76-9474-7cdb-972e-bdbd5d305cb7-C,831726588,52764864.34,
CHEROKEE NATION LINK L L C,"CHEROKEE NATION SOLUTIONS LINK, L.L.C.",X9HNYNKMF5H6,c98c9693-2a3e-403b-160e-1ab95f023444-C,081556639,52754512.16,
OBSIDIAN,"OBSIDIAN GLOBAL, LLC",SRB4DQGC2BB1,15968653-9246-bd19-098c-133abe32b656-C,079160853,52747690.33,
OSHKOSH,OSHKOSH DEFENSE LLC,ZMXAHH8M8VL8,5c99e12d-99a6-52a3-d019-34a3855a6ed7-C,079467211,52682240.19,OSK
APPLIED PHYSICAL SCIENCES,APPLIED PHYSICAL SCIENCES CORP,R494GGV1AEM8,038964ed-d3a0-f345-d681-ea64a1bc9c2f-C,112716357,52682231.48,
LAWELAWE DEFENSE,"LAWELAWE DEFENSE, INC.",EY7ZKMMAA7D7,02f414c1-b973-bbe4-386d-680f0543b9ff-C,101102780,52621801.79,
CAES,CAES SYSTEMS LLC,MMA7H4NEMCT9,5fed3bc7-8243-88c2-d281-5ee1e08a992f-C,809580439,52455107.62,
ENCOMPASS,ENCOMPASS LLC,V71FRUGWJMM3,05d84a7b-60aa-2148-7d85-24f65989b572-C,042811732,52444256.20,
DRS,"DRS SYSTEMS, INC",SJM7EANJPK58,4c0647b9-438c-2349-1a2b-2019d7de5269-C,017395711,52420901.92,
SENTURE,SENTURE LLC,GC51JCDRQP95,5cf72d12-86d5-5a55-191e-c2bc94ea60ed-C,146265173,52378816.25,
SMS DATA PRODUCTS,SMS DATA PRODUCTS GROUP INC,JLAZY7RHKPJ3,e3aee88a-bcd0-2ce0-044b-3616a1128d5d-C,095350484,52278299.62,
KATMAI MANAGEMENT,KATMAI MANAGEMENT SERVICES LLC,M2BMNKL4CR69,52323d90-1b32-113e-5d0e-48f3f67cf663-C,808181650,52217057.42,
ABSOLUTE STRATEGIC,"ABSOLUTE STRATEGIC TECHNOLOGIES, LLC",LV3XNNN6AML4,e0dab0d9-a720-b3ce-aba3-8b3e1f91ac9f-C,118329753,52144477.48,
SOFT TECH CONSULTING,"SOFT TECH CONSULTING, INC.",NNQZAS2TE6S5,8651becb-bc7e-7f4b-9b39-928f8a38ce66-C,090281960,52108885.30,
CSP ENTERPRISES,"CSP ENTERPRISES, LLC",GJJRGECWBFK9,bb568d9a-9444-a87b-1a3b-70516d83949d-C,041108742,51450023.89,
DARK WOLF,"DARK WOLF SOLUTIONS, LLC",K8KVUFQMGYV5,a27737a0-81f0-7f88-4984-b9914a4d635d-C,933645991,51381063.17,
NEANY,"NEANY, INC.",FN6ABUNCP1S8,ea4a22f2-850b-2c33-f2c7-c583186316c7-C,179328117,51235524.54,
MODEX THERAPEUTICS,"MODEX THERAPEUTICS, INC",CDVMNSMRDTW8,d1ca6864-127a-fb6c-c901-db3757b94ab0-C,117747637,51049267.00,
STRATEGIC RESOURCES,"STRATEGIC RESOURCES, INCORPORATED",E6KBKQAPJUZ1,8d56d352-c66e-4421-c4ea-9a8bacf13514-C,626957674,51019393.07,
CDM PROGRAMS,CDM FEDERAL PROGRAMS CORPORATION,DHS5ZJSFCSH9,ddc9803c-9900-af05-a30d-faa53e4e80a2-C,161563440,50890471.27,
AT-IMPACT,AT-IMPACT LLC,J9KJUJDWVUT1,a306d2e9-1e2e-c6c6-754c-c525f6fbc8f8-C,080168778,50868664.40,
SEEMANN COMPOSITES,"SEEMANN COMPOSITES, LLC",WXRTZLL25AE5,afd4fc93-364e-5223-27c5-f314ed3f025c-C,192737203,50854490.76,
S K AEROSPACE,"S & K AEROSPACE, LLC",WVJKC2L1ZN11,f88bc8b4-fcf2-5d04-0c7b-e00deeb972d4-C,557350787,50619671.68,
DISYS,"DISYS SOLUTIONS, INC.",R15MK4RSWRD3,9b66417e-ec21-2772-c91e-a41e40707090-C,962751918,50593234.89,
NTSI,NTSI LLC,DL83MFAS5CF1,637b1ecb-d6f8-9e9a-bc78-1bf2eedcc458-C,117840069,50239211.28,
ARDENT MANAGEMENT CONSULTING,"ARDENT MANAGEMENT CONSULTING, LLC",H8YMWAKEKPN5,50754d13-facb-72e2-f578-516b08a25f64-C,617942987,49912501.32,
ATTAINX,ATTAINX INC.,J6Z9VBSL4219,b17ec555-1186-c831-1bde-aa9abad0cd88-C,015189916,49832362.09,
EXCELLA,"EXCELLA, LLC",KMKUAFKECJ83,70401161-3e3b-71ed-eb7c-dd6d4e1ab7ec-C,124023404,49702705.69,
DELAWARE RESOURCE OF OKLAHOMA,DELAWARE RESOURCE GROUP OF OKLAHOMA LLC,DT36SFDAMXJ1,7368fc53-44a4-a10f-65fc-3f970f9cc5f9-C,141693064,49701380.99,
AGILE-BOT II,AGILE-BOT II LLC,QCCPAC6P55H3,96eda1fe-1d5b-f99f-7333-7751543bc6f4-C,080685627,49638175.30,
HRL LABORATORIES,"HRL LABORATORIES, LLC",CCBKQV2MBMV6,f1ea3f7a-40c8-5fe0-e8c2-cff59d9ce940-C,836301622,49596486.49,
NTT DATA GOVERNMENT,"NTT DATA SERVICES FEDERAL GOVERNMENT, LLC",TMT1PKFK7XG6,ad6d4497-4e7a-be0e-04c5-aa74aaf2a70b-C,175344753,49239656.16,
MOUNTAIN HORSE,MOUNTAIN HORSE LLC,HKV6HSM1JVA6,af4bc3fc-a537-5a3d-5a55-6bed76154cce-C,079081481,49118954.06,
RENK,RENK SYSTEMS CORP,ELX3A2CND3W6,472bb966-860b-3eb4-d37a-ee7e51c51e18-C,181631032,49073280.12,
ADVANCED SOFTWARE ENGINEERING,ADVANCED SYSTEMS & SOFTWARE ENGINEERING TECHNOLOGIES LLC,GN9PRA3BQYK7,7fc79fce-8a17-26e8-7957-d0b66b70ae5f-C,117962770,48887846.03,
GAMA-1,"GAMA-1 TECHNOLOGIES, LLC",L3LZRJNCQSA6,8962502b-4d08-cbf4-8b01-89d28b1e6050-C,798231259,48678099.68,
FEDTEC,FEDTEC LLC,EY6QS5J3VKB1,bee3e033-b562-84cb-c5ae-77f50c442a04-C,171945798,48500072.83,
CRITERION L L C,"CRITERION SYSTEMS, L.L.C.",MPGNDNHHWM33,9a8a3839-74e1-4e2d-a946-7ab72d882b7b-C,192749906,48494039.61,
PROJECT ENHANCEMENT,PROJECT ENHANCEMENT CORPORATION,CM9VW5P6GKB6,8788a70f-4ee8-f9bb-1d7f-1e09f673fc5c-C,019719041,48493301.89,
MIL,THE MIL CORPORATION,SWBHKZS9SNT6,32b9e937-feee-6741-df80-3e6afd5e431c-C,161579735,48383199.42,
ITILITY L L C,"ITILITY, L.L.C",VBQ8BKTK2Q81,1fa1e6aa-b6f5-3af7-da20-e43dfd4e0715-C,116352944,48358151.92,
BASTION,"BASTION TECHNOLOGIES, INC.",DKYXDAHNYD36,ab6154d4-55f4-bacc-962f-e4c111812d7e-C,074625364,48353592.60,
NORTH POINT DEFENSE,NORTH POINT DEFENSE INC,G3MPMA2NZ9G9,124fa722-76b5-7a13-1512-db79f286f670-C,969240634,48340071.00,
QYK BRANDS,QYK BRANDS LLC,NWQ8NRHELD63,f7f3e8fd-fcd9-7100-23ab-40d1ceea1bfb-C,081560441,48315610.00,
PALLADIUM,PALLADIUM INTERNATIONAL LLC,DFVMS8LMNX65,6750b6a4-d055-4130-6008-bb1253d835fe-C,186295239,48055239.18,
TELECOMMUNICATION,TELECOMMUNICATION SYSTEMS INC,SPD8Y16LCPM6,f16a2dc7-ec02-51a4-2d2b-6271678c7c6b-C,196970503,47857197.21,
HIGHLIGHT,"HIGHLIGHT TECHNOLOGIES, INC.",C2MSYQALD3E4,a93123f1-08e7-e654-3aac-a48235da3c55-C,808270735,47650197.07,
HOUSTON FREIGHTLINER,"HOUSTON FREIGHTLINER, INC.",KW1XBM61JHS3,c8ab0527-c61b-8229-5325-c5f921b17881-C,618399893,47638728.06,
INSIGNIA TECHNOLOGY,"INSIGNIA TECHNOLOGY SERVICES, LLC",LRN9VLLCX9Y8,2d716401-7946-1061-dd4a-134573f67335-C,781229948,47516031.38,
NORSEMAN,NORSEMAN INC,G8LCAVK5AVW7,ae9a61fe-f9b1-2023-1b21-852cd4aade67-C,798806766,47364389.09,
TRILLAMED,TRILLAMED LLC,GW9FLBWB5625,45e59e37-b289-1207-3481-6c9bea251dd8-C,828126321,47307350.41,
NATIONAL ACADEMY OF SCIENCES,NATIONAL ACADEMY OF SCIENCES,PKFJZHG2MLG9,bf13c3e1-3402-03ba-44d3-2349f4a792b0-C,041964057,47273221.34,
AKIMA DATA MANAGEMENT,AKIMA DATA MANAGEMENT LLC,XQJFSL4MCKR9,7ad27839-f9ed-f662-a92d-498b0e9bd0f5-C,080688541,47161432.74,
INTEGRATED PROCUREMENT,INTEGRATED PROCUREMENT TECHNOLOGIES,K6HPN25G7FC4,94a11d92-3645-04f9-db32-fd9df9c054df-C,110480956,46982662.85,
CORVID,"CORVID TECHNOLOGIES, LLC",DD7KTEMDG6A5,56aed6b3-aba1-ff0b-d0d8-82f4c8891e89-C,040707460,46934082.20,
GROUNDSWELL,GROUNDSWELL CORPORATION,JNFEJMSLMXW7,ab9f3343-d13e-99ff-8ea3-0c44ff12bf15-C,143739998,46798385.86,
AKIAK NS,AKIAK NS LLC,F9XLS9FEBWL5,ead0ce03-f4cf-62c7-6c0b-f43bddb38653-C,,46795883.24,
WESTWIND COMPUTER PRODUCTS,"WESTWIND COMPUTER PRODUCTS, INC.",ZF2JKBE7K285,33331928-04b0-a667-5279-bbd5e2a1b2f5-C,876868563,46767827.85,
CHARLES RIVER ANALYTICS,"CHARLES RIVER ANALYTICS, INC.",DD1BYN8SN355,18a1d77c-196c-ded4-b89d-ea78f0d2fb01-C,115243701,46666973.71,
SOS,SOS INTERNATIONAL LLC,L3VCKMD7J585,aee3ebde-7484-0fac-c8b8-43896b620d02-C,078405331,46648709.69,
RIVA,RIVA SOLUTIONS INC,E83BPDKCKUA8,b0540572-b3ff-5a18-ae1c-c18561079743-C,964390350,46381200.98,
EAGLE HILL CONSULTING,"EAGLE HILL CONSULTING, LLC",PEGRG88NN3T8,08452ac1-3da3-84df-9714-54c2b4f4e5f4-C,137206202,46377001.95,
TCG,TCG INC,DRUNBSXBERD5,34d2c593-62ba-4ba9-a626-6f92fec282c1-C,942134602,46339929.46,
DEVTECH,DEVTECH SYSTEMS INC,EL4ELTMA71M1,ebce5aac-3522-c2b6-6b09-86200df17e61-C,120838248,46271575.23,
DT,DT GLOBAL INC,HRZLQ4ZDHMZ1,ce39fcc5-09d1-4ddc-3572-a168dad59c7d-C,072663321,46146284.78,
YOUR RECRUITING,"YOUR RECRUITING COMPANY, INC.",ECEBCMT23L95,61621f37-541f-a4a1-5419-e9d7265b4511-C,031777167,46123412.53,
DOCUMENT STORAGE,"DOCUMENT STORAGE SYSTEMS, INC.",EJL2XFJ1BZJ1,9f3a57d1-3109-783a-a3cf-f1d520953005-C,792975781,46108944.01,
EAGLE INTEGRATED,"EAGLE INTEGRATED SERVICES, LLC",QNR7B2CS89A3,c0b76f0e-36b9-a796-19a2-565c16f6fdec-C,079957261,45890055.11,
TYTO GOVERNMENT,TYTO GOVERNMENT SOLUTIONS INC,XJ4CPJNZGG97,45d4f555-bc25-eef5-e6e1-18cadcc7ac0b-C,009683442,45725871.83,
PHYSICAL OPTICS,PHYSICAL OPTICS CORPORATION,DG3AB4E8R4D8,82c454a3-9e88-f324-7db4-336a916b9ef1-C,153865951,45706922.26,
CHESAPEAKE TECHNOLOGY,"CHESAPEAKE TECHNOLOGY INTERNATIONAL, CORP.",LAVARTMKKHT5,e0139bc4-a2ec-4b0a-e408-3f34acba7361-C,124240222,45433793.54,
VALIDATEK-CITI,"VALIDATEK-CITI, LLC",FVLYVCDZKYM5,c377e44f-8336-8cee-06b0-6b878daa9aae-C,965919900,45380547.26,
RESILIENCE ACTION PARTNERS,RESILIENCE ACTION PARTNERS,FDM3DTURT4K7,12314e78-904b-d47d-a307-54b2e28e4fa4-C,079345259,45358787.94,
DECISIONPOINT,DECISIONPOINT CORPORATION,GPASKFTTVQL9,807c0632-7830-78d2-115e-4eea2a9069d9-C,967175071,45246888.89,
DEFINITIVE LOGIC,DEFINITIVE LOGIC CORPORATION,LS7WLM8JFW99,8b98966a-66f9-df19-714d-12aa8ae99820-C,115410404,45241130.83,
AIRBUS HELICOPTERS,"AIRBUS HELICOPTERS, INC.",LAD2HL1R71Z3,eac83059-4997-7185-066a-7ed143106518-C,134160873,45240773.35,
MERCURY MISSION,MERCURY MISSION SYSTEMS LLC,GELNG3K35FA5,cbeb9690-1ae1-a3f0-c85f-397dccde3d96-C,118194830,45230908.12,
THREAT TEC,"THREAT TEC, LLC",CXKLGRZ7MME6,6f27abc4-e4e9-01d8-720a-3031cbfaaff9-C,078597755,45078978.01,
VERUS RESEARCH,"VERUS RESEARCH, LLC",YPNZLMDNYLV7,d78a3eb9-3c13-67bc-6c67-5bb7c4fbe785-C,079360382,45044742.79,
MANUFACTURING TECHNICAL,"MANUFACTURING TECHNICAL SOLUTIONS, LLC",N1QKLVNGNZK6,545c57e6-582b-1b96-9fce-7acf2b741270-C,010531536,45023310.26,
ASM RESEARCH,"ASM RESEARCH, LLC",TDJMB5JLT149,95d4fe5c-75b7-541a-5388-4651995bd822-C,074835299,44924078.33,
PO`OKELA,"PO`OKELA SOLUTIONS, LLC",ZA4KHNKGQRJ4,afd13d66-ba8d-b99a-392b-0543f36cf5a7-C,080657488,44795909.49,
JONES LANG LASALLE AMERICAS,"JONES LANG LASALLE AMERICAS, INC.",NE9KSKUZ8CW9,ecc87e38-8e85-f135-37c2-b249ce14c768-C,132075388,44588970.47,
BUKKEHAVE,"BUKKEHAVE, INC.",HEGFMNQ7TA96,bb421c88-728a-6ea5-5fa2-a2878d32772d-C,959751165,44569234.57,
LIFE,LIFE TECHNOLOGIES CORPORATION,EB8QTC6575E7,d4fcadd5-c9fc-e78a-9465-e075ee069a08-C,182158873,44509615.24,
SEDNA DIGITAL,"SEDNA DIGITAL SOLUTIONS, LLC",HMYBV62DKHH7,9dfba158-b261-1c9a-e8e3-987adfeaa5dc-C,166648308,44436897.00,
CEPHEID,CEPHEID,W6HQTMWB9Q28,f6397cdb-c833-3628-6fb3-a38803b567f6-C,956711444,44429123.18,
KONIAG DATA,KONIAG DATA SOLUTIONS LLC,N19BZQQSEUV4,2f052e77-f613-6a8e-8c8f-d1461cb0cbd8-C,117251477,44293499.98,
S K,S & K FEDERAL SERVICES LLC,UJEMQV9EG186,479014ff-820c-f3a4-6b04-d2debe96fb69-C,080995217,44251772.19,
ALL NATIVE SYNERGIES,ALL NATIVE SYNERGIES COMPANY,MWMEZGUD13X8,c082aaf7-9761-757e-de3f-b4b0750f45eb-C,078817411,44149059.44,
LCG,LCG SYSTEMS LLC,FP58S2EENN34,fc33ed09-ec5b-d188-a298-1303d09554e9-C,798929464,44083315.74,
KING STREET TECHNOLOGY PARTNERS,"KING STREET TECHNOLOGY PARTNERS, LLC",KCEJYZ72F6F7,7b4ac4f2-2d67-d7eb-4df3-ec6ca3822a3f-C,118597828,43735837.91,
COGNOSANTE,"COGNOSANTE, LLC",DKP2F2S75GG5,5dc24b55-a319-2600-b800-ca46fb8743b6-C,624287306,43536354.76,
AKIMA ENGINEERING,AKIMA SYSTEMS ENGINEERING LLC,GVEBGEGJMPA4,36aa020e-d1c1-183f-d30b-4564a718daf5-C,080686536,43498353.81,
CONCEPT,CONCEPT SOLUTIONS LLC,LJHJJWALKA93,3f983773-14ef-8f0b-f9a6-b5e3a3dfbb7e-C,013341842,43493445.48,
ROGERS WICKER RYKMAN AND SPEDALE,"ROGERS, WICKER, RYKMAN AND SPEDALE LLC",XTQUL3CL6MJ9,f96ebedc-10c4-2a31-ffc8-5b97b95b0075-C,142913685,43473455.72,
MEC ENERGY,MEC ENERGY SERVICES LLC,NXPNY5D53ML7,a26e7c6d-aead-3872-0ebb-0eec5a792b6a-C,792184066,43446051.50,
INFORMATION MANAGEMENT,"INFORMATION MANAGEMENT SERVICES, INC.",LGGFBF8YVA71,d5f5f01e-1eb1-d7ec-a917-4edf7f748fec-C,083656892,43433832.49,
DATA ANALYSTS,DATA SYSTEMS ANALYSTS INC,K5WASFGRFAG5,235aec68-023a-d427-97e0-25180e993206-C,048620512,43428618.95,
SIMMONDS PRECISION PRODUCTS,SIMMONDS PRECISION PRODUCTS INC,SYALZ4FMVK93,fadcc7d8-2f96-e742-6560-d10a767c21cc-C,001307594,43422499.07,
BERING,"BERING GLOBAL SOLUTIONS, LLC",P5GKBX8FR3M3,5c905d7b-49b6-e74e-d65e-434b9fc05c94-C,080269583,43410188.81,
UNIVERSAL TECHNICAL RESOURCE,UNIVERSAL TECHNICAL RESOURCE SERVICES INC,ZDBVU71NQVT1,eb7e1419-b0dc-fcf1-ad59-9c97be34ebe2-C,150917342,43314349.21,
JANUS RESEARCH,"JANUS RESEARCH GROUP, LLC",Q6S9MZTEFMS5,334bdc1d-6749-c6ff-4920-3248f4a182cb-C,036857050,43255105.85,
LOGC2,LOGC2 INC,F8AYK11JYE17,6724cb33-3c1c-4943-54de-afa02132dbf4-C,797157380,42955911.36,
ARETE ASSOCIATES,ARETE ASSOCIATES,DMKEXJ8NQ4C5,bf13ccef-a441-98ef-cc56-749373b4aed4-C,082191198,42868729.78,
REGENTS OF THE UNIVERSITY OF COLORADO,THE REGENTS OF THE UNIVERSITY OF COLORADO,SPVKK1RC2MZ3,7d586cfa-95f6-0e31-3589-fbd59b788eda-C,007431505,42724861.14,
ANALYTIC,ANALYTIC SERVICES INC.,MEHNDWCSBKD5,0c99f46d-305c-e656-a974-62d85012933d-C,077815736,42710568.10,
CALIBRE,CALIBRE SYSTEMS INC,KHGARY8DHL23,5607e316-33f8-0ffc-ef7e-10bfafc85f17-C,555498187,42678401.24,
ALAMO-EVERGREEN JV,ALAMO-EVERGREEN JV LLC,WDLDXXZQAJ13,03e76f11-330c-b997-d295-f2ac881fb978-C,117910706,42535778.64,
S C A,S C & A INC,FD83JSMSL9K1,375189a4-0dcd-4374-6c98-35ed59f0d9d8-C,071167910,42506936.08,
BOWHEAD TOTAL ENTERPRISE,"BOWHEAD TOTAL ENTERPRISE SOLUTIONS, LLC",ZME8YC3PJUR7,8f5fa846-3af3-6fb7-ba3a-120a6721c29a-C,803974778,42415822.62,
UNWIN,UNWIN CO,E8BHEJJ8KZV5,255c859b-24e1-7cae-7fa1-8368f79b4cad-C,963636451,42393254.73,
TRUSTEES OF THE STEVENS INSTITUTE OF TECHNOLOGY,THE TRUSTEES OF THE STEVENS INSTITUTE OF TECHNOLOGY,JJ6CN5Y5A2R5,c07d37a8-0918-a0a2-e051-4a7df7f14f47-C,064271570,42289380.12,
EVOKE RESEARCH AND CONSULTING,"EVOKE RESEARCH AND CONSULTING, LLC",E3HENZDGJQ85,1cc1a770-61cc-c1b9-a8e4-9c1a6f496d60-C,170507169,42280095.72,
BROADLEAF,"BROADLEAF, INC.",DGA4AQ4DJYY9,81cab86b-0597-2493-1251-1032315009d3-C,832417070,42118837.07,
NISGA'A TEK,"NISGA'A TEK, LLC",YANAVG43GCB6,2680fc53-f495-2532-94ae-74626d6937d5-C,079586718,41928879.13,
INTELLIDYNE L L C,"INTELLIDYNE, L.L.C.",LDN6EEXC6563,7853ab10-b1f8-9ba0-76f6-d4ec72a9ee3d-C,048690650,41806822.11,
KUDU DYNAMICS,KUDU DYNAMICS LLC,KDSKEJQGLHZ1,95f15a50-7fb7-d544-72b0-268d191a3f41-C,079095114,41707543.00,
PCI GOVERNMENT,PCI GOVERNMENT SERVICES LLC,ENWEMNJABJB3,2f89382e-3f9d-2ae9-4e64-cc82d2bb7bba-C,117165711,41642579.02,
ATAP,ATAP INC,PP5ENZSSB4Y9,adc151fa-ca75-417a-0102-9521b1553451-C,608237186,41513912.07,
ZEMITEK,ZEMITEK LLC,MKFJCFSVQ9B8,4c6235f2-c686-8581-2e85-d157143831a0-C,809168102,41403328.34,
RIVERSIDE RESEARCH INSTITUTE,RIVERSIDE RESEARCH INSTITUTE,GP8DN2TLZKE5,05dbb3ed-cb3d-2d8d-f13f-d02b06dcc178-C,046822615,41219313.38,
PRECISE SOFTWARE,"PRECISE SOFTWARE SOLUTIONS, INC.",QEAYP7YMCXZ7,fd81142c-9e43-2d05-d15e-a159c46b8145-C,078315631,41105464.98,
GOLDBELT C6,"GOLDBELT C6, LLC",LSY9B62DKAC8,a5fa49aa-acc6-7d9e-7b0b-87d8e26caa74-C,079359370,41044863.04,
CUSTOMER VALUE PARTNERS,"CUSTOMER VALUE PARTNERS, LLC",L6R3M86AFBB5,8a2c800a-0d04-3aaf-816b-5aeb9d1b3726-C,113045715,40979975.49,
SIEMENS HEALTHCARE DIAGNOSTICS,SIEMENS HEALTHCARE DIAGNOSTICS INC.,GC14SNHB3JN1,aaac8e0a-87b1-aeb8-e8d0-0e3f64051778-C,798318598,40793323.47,
I TECH AG,I TECH AG LLC,NK24DGVNDFX9,783f9947-f835-5bae-ff60-e75b728ebde4-C,828734157,40712840.52,
CARTER CHEVROLET AGENCY L L C,"CARTER CHEVROLET AGENCY, L.L.C.",LJ5MA8D7HR95,2006f328-cfcd-ebbe-8a70-ead0519ba6c6-C,062273610,40635713.00,
ADC NM,ADC LTD NM,NNK9K1JVKNU1,3ec7ef3f-d755-637f-3bd1-2ec4efa65c3c-C,146389994,40381880.33,
CREARE,CREARE LLC,JDKYAKDT4TT6,4491538c-a280-803a-dc2f-2156613e47d8-C,072021041,40316561.52,
RESEARCH INNOVATIONS,RESEARCH INNOVATIONS INCORPORATED,RRJJSML1SCE6,7bd29c28-133b-1705-c5c0-ea9e8ca565b7-C,829424220,40158961.87,
FAMILY HEALTH,FAMILY HEALTH INTERNATIONAL,VRAASTY11EA3,ce3945f4-76a8-ff4b-68a5-6562e575fc0c-C,067180786,40154215.10,
WOODWARD,"WOODWARD, INC.",L4UCL5K5H5J9,3c70206b-a370-563e-5c34-14712e589353-C,800933397,40133879.72,
MACK DEFENSE,MACK DEFENSE LLC,C2D2FF6XKDG1,56bebe8c-996e-1f4e-425d-5fc750de24fc-C,967312088,40035690.31,
ENDYNA,"ENDYNA, INC.",GKWTAHYKMC62,7f8a0c68-c341-a078-cc3f-964d485de6ab-C,032559382,40035312.70,
CYBERMEDIA,"CYBERMEDIA TECHNOLOGIES, LLC",MXTJKYDAEDQ9,62f50ed8-787f-b747-13db-3d1cccacadab-C,121727577,39982429.16,
PTC,PTC INC.,T6HMTJ6CTRF5,47fa2b8a-476c-8d9d-0b75-34f9eb7f7c69-C,175749431,39930701.96,
CSA,CSA GLOBAL LLC,EEUCVG4YELT8,9b2bb068-e358-6f13-c62d-62b6ad2e0d17-C,181764697,39686948.12,
ASRC CYBER,"ASRC FEDERAL CYBER, LLC",HV21JR1WRNT9,32e69956-227b-0948-1946-3d7d4c5d839f-C,080451371,39682487.69,
COMPUTER WORLD,"COMPUTER WORLD SERVICES, CORP.",SELVLQN46MM7,431e5735-d2f4-1c03-fc19-ed3e83ce771a-C,621796044,39634311.05,
SALIENSE CONSULTING,SALIENSE CONSULTING LLC,WM5MB479LXD3,bc793275-cccc-c2e8-5a5c-c96ce3364737-C,080210568,39629667.63,
CATHEXIS,"CATHEXIS, LLC",H893H8FL41D3,e1d3a952-5c6f-3651-f7fd-24fdf99153d1-C,621642623,39525991.41,
LOGISTICS,LOGISTICS SYSTEMS INCORPORATED,MMJUKEH7ENA7,dd82f451-36f8-225d-e9db-2c496cafaa2f-C,131903333,39463749.21,
CHEROKEE NATION SYSTEM,CHEROKEE NATION SYSTEM SOLUTIONS LLC,FMWVU3EYSVF7,6c0b9afa-897b-2d84-f27a-801d255c174f-C,080220864,39426735.07,
PBG CONSULTING,"PBG CONSULTING, LLC",T52YD1L9GCA8,e9c021a5-565c-6f2a-21af-9e4fa5c90c34-C,964955558,39374620.69,
SAVANTAGE FINANCIAL,"SAVANTAGE FINANCIAL SERVICES, INC.",HJXCFLHBZ6S1,3c536338-a81f-402e-7b86-a5edf4e4a83f-C,878187012,39357430.72,
AI,AI SOLUTIONS INC,FENSSV95CXM1,e65a895a-031e-9f7b-d750-c6557d314cb2-C,015397631,39286257.82,
LINTECH,LINTECH GLOBAL INC,YT1QJBHRM6D5,3c537119-f748-83bc-7443-63a0fda3b819-C,013315985,39247092.43,
STRATEGIC MISSION,"STRATEGIC MISSION SYSTEMS, LLC",F24GCKML54R6,19b32823-d02f-46a4-1918-b63c41ae6f45-C,080294753,39215058.04,
ECI DEFENSE,"ECI DEFENSE GROUP, INC.",CW7HJMUQB621,a8dd7bdd-4eb2-e432-4ae8-006f61566f50-C,621219166,39172257.67,
CLEAR VANTAGE POINT,CLEAR VANTAGE POINT SOLUTIONS LLC,FEYKN1UHDSR3,d4950237-762a-8cb2-0f56-e45ec12c0aa6-C,117057897,39144584.60,
ES3 PRIME LOGISTICS,ES3 PRIME LOGISTICS GROUP INC,RRYLZMU7LMN5,c8900a23-b855-03b4-8625-7ffc81469325-C,785091906,39137542.71,
PHOENIX LOGISTICS,"PHOENIX LOGISTICS, LLC",EELNFQLNS977,37b78565-415d-7a0e-d4a5-c1fd4da9dadd-C,780427837,38896957.55,
SPIRIT AEROSYSTEMS,SPIRIT AEROSYSTEMS INC,NWPXRE6THD37,ffac358d-5bca-d246-3d77-7444047d57b4-C,362176773,38851980.00,
DANYA,DANYA INTERNATIONAL LLC,ZKHKBTNLLKJ7,0444a5d5-fa21-0cc2-e9c1-2ec27384dd8d-C,009741190,38776334.97,
C2C INNOVATIVE,"C2C INNOVATIVE SOLUTIONS, INC.",SJJERKL3FLN7,27fffc40-7346-e236-412c-67dea9538213-C,929125818,38533431.04,
4 STAR,"4 STAR TECHNOLOGIES, INC.",UYLVJZ49BFC6,1c6a411d-2551-4d5e-d9cb-9793958fcf17-C,610109675,38439864.54,
ZEN STRATEGICS,ZEN STRATEGICS LLC,JL44DV8WBXS6,affa10c7-9862-b56e-528c-35058face00c-C,060621548,38361266.31,
PYRAMID,"PYRAMID SYSTEMS, INC.",E7NQC6R9QG17,d8ca41dc-188f-a005-a115-b8e4cc803a8f-C,956122402,38347129.02,
VENTECH,VENTECH SOLUTIONS INC,SK6CLYH9RUK4,52605493-c541-6d7a-f3bb-f4e5551b4494-C,079938941,38281520.00,
KENIFIC,THE KENIFIC GROUP LLC,E2PHGXXFKM91,3b772d9d-a62d-c78d-75f1-6a573b9d412a-C,969270474,38273913.78,
EXCET,"EXCET, LLC",QZLMELMCJ2E3,519f12a2-d47f-4091-0a8c-de2e54d74999-C,195313205,38226494.21,
MEGGITT AIRCRAFT BRAKING,MEGGITT AIRCRAFT BRAKING SYSTEMS CORPORATION,GNCCDKLN2GD3,caea910d-6d76-45e1-d5f6-c41b0b7a659d-C,361941875,38221984.44,
CHEROKEE NATION STRATEGIC PROGRAMS L L C,"CHEROKEE NATION STRATEGIC PROGRAMS, L.L.C.",PQNNHF72NNM6,dbdc578b-4796-bcec-5cb8-74a02da492f5-C,079200238,38176897.00,
GEMINI TECHNICAL JV,"GEMINI TECHNICAL SERVICES JV, LLC",W8Q1WBFN1VH5,29a66fd6-9784-a425-ae4c-6b055b6e7c63-C,,37924824.35,
FLEXION,FLEXION INC,GQJEZ44GH5S5,c3cb8678-8150-6272-25c5-e83c469bee8f-C,942418047,37801886.01,
FUSE INTEGRATION,"FUSE INTEGRATION, INC.",U35VSLMQRME6,34b5def5-3db7-c0a1-32fc-fbf8f08ad53b-C,965758514,37708490.46,
MANAGEMENT ANALYSIS (MAT),"MANAGEMENT ANALYSIS TECHNOLOGIES (MAT), INCORPORATED",X2HXVFYMLG45,63add5f9-3696-dad6-a2c9-65b764015ebd-C,128488496,37618736.75,
SEALING,"SEALING TECHNOLOGIES, LLC",WZZSXMA52K46,f8ac84f9-5c57-fadb-aac2-74a872a311b5-C,078491625,37554178.35,
ALASKA NORTHSTAR RESOURCES,ALASKA NORTHSTAR RESOURCES LLC,DUMUHNHQJZG5,d88b798e-3cad-2a4f-f1e5-265a664355a3-C,080697412,37474203.26,
ANALOGIC,ANALOGIC CORP,XAWTMCKNAWR9,ab4c22ed-b4d5-3cdc-3c82-b259c7b27d6a-C,019677418,37454848.93,
LOC PERFORMANCE PRODUCTS,LOC PERFORMANCE PRODUCTS LLC,JT4FKJQPH454,10fd6be1-dd52-bb5c-f6dd-49333c3eff6a-C,065574683,37450551.33,
ALUTIIQ,"ALUTIIQ SOLUTIONS, LLC",WKDWHTEDGJF3,1e462578-7771-3dfe-8773-e3a48b5ad288-C,080017089,37403364.90,
RESOURCE MANAGEMENT CONCEPTS,"RESOURCE MANAGEMENT CONCEPTS, INC.",HL37EAQNDKV5,fa426c29-a1e9-7091-5ea0-8b65cd09d57e-C,807512934,37398520.29,
LOGISTICS SUPPORT,GLOBAL LOGISTICS SUPPORT SERVICES INC,NKC9SK2L7NF3,939f0b78-c7d1-65d3-0260-420f464c67dd-C,062175657,37221247.37,
ICAHN SCHOOL OF MEDICINE AT MOUNT SINAI,ICAHN SCHOOL OF MEDICINE AT MOUNT SINAI,C8H9CNG1VBD9,bace221f-a1f9-fa20-66e4-55984406cf48-C,078861598,37215835.46,
JBS,"JBS INTERNATIONAL, INC.",NACNDU85S2Q2,261c7f5c-80ae-ef82-6d62-8a725370bf9e-C,161157631,37208307.22,
BRYCE SPACE AND TECHNOLOGY,"BRYCE SPACE AND TECHNOLOGY, LLC",NM2LLLZ5PFL7,f9e3784d-308b-d229-f1fa-ec07ceaaadbb-C,014960859,37133980.33,
C2 ALASKA,"C2 ALASKA, LLC",GAVTYB3AKC29,c4d85611-9470-853a-7975-01159a5369c9-C,079858741,37036438.69,
NTT DATA FEDHEALTH,"NTT DATA FEDHEALTH, INC.",PEGKK4X8EMS5,4f394754-7572-e289-d3d3-fa73d9ab1325-C,010639917,37002020.54,
CHENEGA ENTERPRISE,"CHENEGA ENTERPRISE SYSTEMS & SOLUTIONS, LLC",JYBLAXNKT647,e6ff8aa7-ce3d-2c23-dacf-130c432b56cc-C,080545386,36985918.92,
ZENPOINT,ZENPOINT SOLUTIONS LLC,C4Z2WP7HE5N5,60030e6b-6dd9-cc2f-c136-3b66ae2d07a1-C,830917246,36932911.75,
PEERLESS,PEERLESS TECHNOLOGIES CORPORATION,GM4JDCJEW5Z7,3eea70c5-d1c8-cfb3-94f5-fb170729e506-C,132729877,36800347.98,
MANAGEMENT PARTNERS,"FEDERAL MANAGEMENT PARTNERS, LLC",PLSZM1MAB7Y8,ab3051ae-be91-5e63-12b8-31c055350f7e-C,825894421,36749403.34,
CHICKASAW STRATEGIC POINTE,"CHICKASAW STRATEGIC POINTE, LLC",NQQJBJ3BBS28,fc99aa23-55ce-5d09-0e4e-f649218385c4-C,167135891,36739858.87,
CIVICACTIONS,"CIVICACTIONS, INC.",XSZFHRS5QFL5,8df2e1cc-2552-e5ac-a56e-a6072415110e-C,022112930,36709056.49,
SALIENT -SGIS,SALIENT FEDERAL-SGIS INC,XSYKRJ8LK9B6,8df071b7-371e-02b5-a31f-f3db8129ec91-C,112693358,36707207.59,
SOCIAL SCIENTIFIC,"SOCIAL & SCIENTIFIC SYSTEMS, INC.",XKMBEM2BTLK3,acbe3b77-7c58-03b9-656c-abca516ec4e3-C,091340943,36699100.60,
SONALYSTS,SONALYSTS INC,WYFZJPX5J537,03397dc3-2f44-2913-d25e-0aad8387886f-C,077317766,36691976.44,
QBASE,"QBASE, LLC",LENYC8LBF2B7,6f04ece4-7912-04e0-9881-50a4bc17fba7-C,621130959,36607159.51,
CIVITASDX,CIVITASDX LLC,FPJ9KNDMM4W4,e99b6217-6d70-b465-5969-31b71b53eea9-C,073442413,36568281.17,
AERO SIMULATION,"AERO SIMULATION, INC.",GKQLCAPM47Y5,f9e2d2bb-840a-9a2f-5c67-f7e2a0258557-C,152869871,36455815.42,
CONCEPT PLUS,"CONCEPT PLUS, LLC",GL3LT4MQCMK7,096d5530-645b-34c8-88a4-d6ad617552e3-C,828934062,36424268.45,
SCIENCE TECHNOLOGY,SCIENCE & TECHNOLOGY CORPORATION,TUHBZQDC4XW8,ae479c65-476c-754e-aad9-af12367a8790-C,019066810,36399986.97,
CURTISS-WRIGHT,"CURTISS-WRIGHT DS, INC.",JKWWHMLK9AM6,cf8035e0-8c4e-8124-af4c-538437864569-C,612074369,36295863.07,CW
BIXAL,BIXAL SOLUTIONS INCORPORATED,J7FUYPW933N6,1a9c50fa-fae3-8e57-b010-899127fd1649-C,100128086,36268354.02,
WS AUDIOLOGY,"WS AUDIOLOGY USA, INC",YNP8WCQJWKG3,ac463ac8-148f-7f9e-64c2-b8a477f8b8d5-C,157412271,36234593.96,
R CUBED ENGINEERING,R CUBED ENGINEERING LLC,YAM9E6G1AHE5,87db603d-f602-56e8-a45d-bc6c4a685aeb-C,828467345,36178769.31,
MORSECORP,"MORSECORP, INC",UVRXZ4EASJ93,1e3dea21-8e50-7745-cf08-edb45d5c4833-C,079575595,36163467.52,
HILL ASC,"HILL ASC, INC.",WZQLU4NKVHV7,256e72b1-5ef7-0248-da8c-3603f9b0248d-C,793655270,36144589.12,
JAVA PRODUCTIONS,"JAVA PRODUCTIONS, INC.",H7P7MNLLPCA3,7b82a0c1-493c-c507-1700-e70ca9e3cda7-C,143692858,36124590.45,
APPLIED ENTERPRISE MANAGEMENT,APPLIED ENTERPRISE MANAGEMENT CORPORATION,LJSWW81RS9G7,1eed1917-0c11-0535-ba27-30422c4df986-C,076856074,36067034.62,
NEW GENERATION SOLUTION,NEW GENERATION SOLUTION LLC,GEK4YKRHKD95,b4a33e42-01d8-77a8-3fa1-0e4a9fe806f2-C,080319012,36055862.27,
CLINICOMP,CLINICOMP INTERNATIONAL INC,HLB6JKEB2369,ce769182-7e67-b8c3-9039-0690b97b5573-C,113412019,36048549.61,
TIBER CREEK CONSULTING,TIBER CREEK CONSULTING INC,EWLGWLZX6H41,04784286-3e6a-244e-7f54-4bb235ff510d-C,138982710,36031255.60,
WESTON,WESTON SOLUTIONS INC,Z4XGALW7L9K6,ed87cc13-6006-a345-af34-144da0c3fa4c-C,044519429,35908579.82,
HIGHRISE CONSULTING,HIGHRISE CONSULTING INC,NTHHMWJJJ7N8,dcdc8a24-79f5-f0a5-a8b8-11322d297211-C,790051457,35858835.42,
RESEARCH MANAGEMENT CONSULTANTS,RESEARCH MANAGEMENT CONSULTANTS INC,LREZCR4GTFM5,13ea41b8-1c06-b6ec-8623-47806a121a80-C,788349603,35820262.95,
CHUGACH TECHNICAL,CHUGACH TECHNICAL SOLUTIONS LLC,LG4AXJ2HMHN3,9b406649-9b1a-1c70-c72a-de5d9fb6f986-C,080367978,35815041.33,
CHANGEIS,"CHANGEIS, INC.",EBUKVBEHZJD3,b4ce35c7-5e2a-02c0-c2c3-b29284097299-C,831851113,35711972.82,
DISTRIBUTED TECHNOLOGY,DISTRIBUTED TECHNOLOGY GROUP LLC,ZK6MUHQC6DE4,ce3f9e01-961e-06a0-262c-00c1a57ece26-C,833202059,35373624.32,
ARMORWORKS ENTERPRISES,ARMORWORKS ENTERPRISES INC,L47CB2LW3JC8,22f3fe33-fc06-bd42-125e-59d657eb3359-C,961353422,35264982.80,
ALLIANT,GLOBAL ALLIANT INC,CZHJH7ETL7D5,8edb3cbb-153f-8a38-5c71-a0773fe81c58-C,034473860,35262239.30,
SLALOM,"SLALOM, INC.",D975PL76FFK7,79c13b7b-992a-0b88-7a3b-8704789eb98a-C,809165145,35193617.01,
EASY DYNAMICS,EASY DYNAMICS CORPORATION,T2GJTLGN2NP3,dee4f320-b072-3bab-59ed-3a72314d10b3-C,805890832,35150054.27,
ADG-REI TECHNOLOGY VENTURES,"ADG-REI TECHNOLOGY VENTURES, LLC",TBZ1HZTCBKL5,2a82c348-0381-284f-d6e3-4500537abaa6-C,078314225,35117489.42,
TRIPOINT,"TRIPOINT SOLUTIONS, LLC",Q3NHPNH2BKZ5,8fdba303-3340-7540-89e7-1bcab17972bc-C,078768126,35085113.40,
OCEANIT LABORATORIES,OCEANIT LABORATORIES INC,S6X8FST9JAM7,c63b40b6-eb7f-aa28-cd29-64ad36c9fb09-C,144540283,35080371.42,
UNITED LAUNCH ALLIANCE L L C,"UNITED LAUNCH ALLIANCE, L.L.C",MRQAVEBRXED5,fd80c8f6-cd8b-4631-8094-8f193d61d43b-C,601307601,34977529.00,
CHINOOK,CHINOOK SYSTEMS INC,YYGATTQM9KD1,590542e0-177f-2b4c-2e1a-2e075c79a1af-C,118946321,34907549.19,
ENSCO,ENSCO INC,DP3FAQE2UGT3,f518172a-b392-444f-1702-9e544b040284-C,122314651,34824618.69,
CENTERPOINT,CENTERPOINT LLC,HSKBZDAKYH87,c498ba8f-66e9-94c9-9cad-3b4f93e640ff-C,079345699,34784888.22,
AUTOMOTIVE,"GLOBAL AUTOMOTIVE, INC.",K74VFQ96PKR3,1cec9e93-9ee3-fac7-5277-5835c696a7d2-C,962896028,34697633.16,
SUMMIT,"SUMMIT TECHNOLOGIES, INC.",GQATLH2VY9K3,0fd39db6-41be-15d8-79e1-cfdceca5f532-C,942852021,34642938.70,
INCENTIVE TECHNOLOGY,INCENTIVE TECHNOLOGY GROUP LLC,CGTWKQ7DSVD7,ba54128b-d307-1a1b-8efb-7fd3c35ec697-C,005749337,34584336.51,
DINE' SOURCE,"DINE' SOURCE, LLC",RNJEG6TBZM41,d928e18d-2510-2aa8-4b8c-4beda7f93ff5-C,080317140,34541115.87,
HENRY M JACKSON FOUNDATION FOR THE ADVANCEMENT OF MILITARY MEDICINE,"THE HENRY M. JACKSON FOUNDATION FOR THE ADVANCEMENT OF MILITARY MEDICINE, INC.",UYLKBRENAPG5,3e4caa6c-ea4b-e402-0001-860fad11861b-C,144676566,34477241.47,
ARGON ST,"ARGON ST, INC.",GFLRXRHACMM9,ad6fbadc-dd82-ab98-07fb-aeca67a38325-C,058600123,34372227.13,
MANHATTAN STRATEGY,THE MANHATTAN STRATEGY GROUP LLC,FZY1AQAZ25D7,4849d0d1-8e80-6b44-950b-c586dd725c40-C,175967731,34359057.97,
ATKINSREALIS,ATKINSREALIS USA INC,M9WDC4KT38X4,99609cf5-858b-285c-f7ca-42ffcc394d30-C,050439223,34318680.40,
FORS MARSH,FORS MARSH GROUP LLC,CSPNRK2TA2X3,9fc60084-0841-d30d-d513-79bcde62e106-C,129842667,34147281.24,
KATMAI INTEGRATED,"KATMAI INTEGRATED SOLUTIONS, LLC",GHLJX6LSQET8,150e249b-6339-13eb-ed99-e39d7b48fe5a-C,966206778,34123250.09,
BELLESE,"BELLESE TECHNOLOGIES, LLC",HXBBEPUC48F5,df6196f0-e8fc-9d42-89ba-805d988d5b55-C,829761720,34011434.01,
ROHDE SCHWARZ,"ROHDE & SCHWARZ USA, INC.",F4FLM3NP2N46,088e65c2-2b0e-9b5c-d6fd-207142152cda-C,095609798,33969736.55,
CHICKASAW BUSINESS,"CHICKASAW BUSINESS SOLUTIONS, LLC",MLZUA1ANB399,ee1ef078-a251-0f7c-bcd5-73081c0ce89e-C,116917843,33952789.95,
STRONGBRIDGE,STRONGBRIDGE LLC,VKA1W2FUES66,0d0f7bc6-a84a-a65e-0b90-97e6ac092552-C,167978787,33939967.33,
CIVIL-MILITARY INNOVATION INSTITUTE,CIVIL-MILITARY INNOVATION INSTITUTE INC,USC7LWU1AN87,642c22cf-9a0d-162b-a83f-4160f63a9978-C,079388590,33933354.34,
ACCESSAGILITY,ACCESSAGILITY LLC,HMXCQJ8ADNL7,63d967d4-ec3e-daa9-b729-952a80c05eb5-C,809979805,33847773.88,
DEFENSE UNICORNS,"DEFENSE UNICORNS, INC.",VVNBQBAWMBG8,a86642b7-3278-7114-7aeb-c3ce57a8f7b5-C,117815108,33828460.84,
FREQUENTIS,"FREQUENTIS USA, INC",P35CUAWMBQ19,18631843-bc06-8595-d577-8bae98c7e6c4-C,080706851,33807465.98,
INTEGRATED SURVEILLANCE AND DEFENSE,"INTEGRATED SURVEILLANCE AND DEFENSE, INC.",NUJJSCLKEF63,f6d74278-4630-e0c4-8d68-693d00ea6f00-C,078380976,33800553.47,
OURARING,OURARING INC,CCXLM8QWZMJ8,b1d44610-a53a-9aa4-b7ae-7bcab97697c9-C,081094249,33718575.04,
CSRA,CSRA LLC,VSFCW25ZAE49,5b3244ce-103f-63ce-4552-7ec947c6dedc-C,079735371,33705701.19,
RIVERSIDE TECHNOLOGY,RIVERSIDE TECHNOLOGY INC,G5ESF5W4P7C6,3f7e7c27-ca15-d674-2cc8-79fc1346e156-C,139725865,33626226.45,
AKTARIUS,AKTARIUS LLC,ZE98MPEDJD37,ba590dfa-bdf2-7b98-1882-4d4581cc403f-C,833102283,33527532.67,
ADAMS COMMUNICATION ENGINEERING TECHNOLOGY,"ADAMS COMMUNICATION & ENGINEERING TECHNOLOGY, INC.",ZKLQH4M1NU77,e7361f92-7856-248c-2133-da12d7c21591-C,008046331,33496788.14,
REGENTS OF THE UNIVERSITY OF MICHIGAN,REGENTS OF THE UNIVERSITY OF MICHIGAN,GNJ7BBP73WE9,1567efcf-bcdb-61b9-72f2-70cbed5fa626-C,073133571,33484496.95,
SCIENTIFIC APPLICATIONS RESEARCH ASSOCIATES,"SCIENTIFIC APPLICATIONS & RESEARCH ASSOCIATES, INC.",MXT5BGZX32S3,479ebe12-0b68-d76c-fb38-afefe7118f66-C,614108918,33442435.99,
SIGNIFICANCE,SIGNIFICANCE INC,G3MDK3Z5GHH7,6320a8c6-1e7e-6884-53cd-c343aafa1bb8-C,079708455,33312236.39,
BOWHEAD ENTERPRISE SCIENCE AND TECHNOLOGY,"BOWHEAD ENTERPRISE, SCIENCE AND TECHNOLOGY, LLC",M5LUG7KAKEJ4,8fd61cd3-b1e8-ad4a-9eef-6880a1bb93a7-C,080840454,33288309.27,
RESILIENCE GOVERNMENT,"RESILIENCE GOVERNMENT SERVICES, INC.",GC2RFAZK8G64,4297947a-7bb2-f583-67c0-0f1a3e765cb4-C,073438462,33181079.99,
UNCOMN,UNCOMN LLC,NPAJNNWFQ8J5,70f9230a-650e-9e3a-f091-5cbb10272920-C,963900928,33176536.35,
AGE,AGE SOLUTIONS LLC,JA6DRAGJ4JJ1,79852dcf-d997-12d3-e462-ee407e72de8a-C,117926813,33159038.42,
IT SALES,IT FEDERAL SALES LLC,PBNMTGRC4LE8,eee98a6e-daff-a87e-ff7f-a3ba6376f9cf-C,602742137,33141069.69,
ASTRION,"ASTRION GROUP, LLC",JFFMS6D9JNC6,fb0538c5-199f-69f8-9e3c-d40c49d6d6ce-C,095673521,33053508.18,
COMPETITIVE RANGE,COMPETITIVE RANGE SOLUTIONS LLC,RM9GACFMSLG7,ae48a311-2f28-79ef-5d3b-b36761ce23b3-C,969949564,33046373.30,
ROSEMOUNT AEROSPACE,ROSEMOUNT AEROSPACE INC,MYLBMN8EH9K9,2fdaeaa9-e2c2-2b21-562f-2786d6e0a0c8-C,804817070,33022750.47,
OBXTEK,OBXTEK INC,SFBZYVFXLK13,114c9d73-3e01-c62f-f99b-e9582cab4385-C,830341645,33004802.84,
HUDSON,HUDSON TECHNOLOGIES COMPANY,H1K6JDP3K2K8,8cf26202-2626-e93b-510c-8019d3715f89-C,079829886,32994415.64,
START2,"START2 GROUP, INC.",M46QW429YA63,3b5d713c-e6a8-c610-3cc7-0e303bfac386-C,,32864209.00,
CYBERSTAR,CYBERSTAR LLC,L9CRNSMZHRF5,35b7ee10-e0ad-acc6-d3bb-d103bdea1df2-C,117463816,32757004.97,
VENTERA,VENTERA LLC,SJ85D6W4BDQ4,19e83b4b-e75f-9cfe-a698-1fbfa57078d6-C,030290337,32728814.80,
LANTERIS SPACE,LANTERIS SPACE LLC,T6LZES9CRKC5,95dd1a2e-3014-8349-70d8-933b7e8cd43e-C,002279123,32722005.10,
SEATTLE CHILDREN'S HOSPITAL,SEATTLE CHILDREN'S HOSPITAL,SZ32VTCXM799,e050350a-3939-bf65-9585-238517e3ab1f-C,048682157,32650891.43,
D G SUPPORT,D&G SUPPORT SERVICES LLC,C28JCZBFRRX5,34954136-cc18-6da8-eca8-89af5ee6b5de-C,786553268,32645270.78,
M1 SUPPORT L P,"M1 SUPPORT SERVICES, L.P.",PNAFHATW8BD7,f4832a42-513d-107f-4852-9539b2c518e1-C,138059063,32642378.74,
PECKHAM VOCATIONAL INDUSTRIES,"PECKHAM VOCATIONAL INDUSTRIES, INC.",FKJWA9VNRNC9,cbe9543d-390f-e03c-9e0d-06bd0b86b9e6-C,008236200,32562918.99,
JEFFERSON CONSULTING,JEFFERSON CONSULTING GROUP LLC,PS8NEAKW1MM4,e8954513-b9b9-b192-442b-201a06feedc4-C,059493648,32536610.41,
WOODWARD HRT,WOODWARD HRT INC,HVVKL7253CK3,7aa85776-5212-16db-493d-98df26b69f1c-C,008513152,32535579.32,
RAPISCAN,RAPISCAN SYSTEMS INC,UCDDUN6A6S17,d5371ba1-ba5d-6149-c741-ed24e68da514-C,802315069,32444860.84,
AGILENT,AGILENT TECHNOLOGIES INC,SD9JZ9S7MEA6,3b7c33cb-1410-1afe-4cdf-a4176221b83f-C,195823570,32441002.01,
VARIAN MEDICAL,"VARIAN MEDICAL SYSTEMS, INC",PHMMJPNSNZV5,4d08c983-54ee-c957-54b2-65e0bb397aba-C,009120817,32431253.91,
CYKOR,CYKOR LLC,J4BPM3UKM674,9c203437-f6f9-755e-c3b7-9633763388ad-C,080415889,32428128.11,
SYSTEM STUDIES SIMULATION,"SYSTEM STUDIES & SIMULATION, INC.",Z5G7R7QDAYD9,56a51cdc-ecca-3f03-a996-4e98d8015403-C,799331392,32420548.25,
HORIZON INDUSTRIES,"HORIZON INDUSTRIES, LIMITED",TP8ZGDNC1M94,ddd53dd5-4485-63e6-9cf9-a18b47d38ac8-C,965557507,32396316.36,
SEED INNOVATIONS,"SEED INNOVATIONS, LLC",XLUHULEBPHK5,37e49a6d-3dd8-3c5e-4899-ea39ada30c19-C,078869314,32387992.38,
ALTAMIRA,ALTAMIRA TECHNOLOGIES CORP,CAS6LL2969P4,453e890e-c820-356c-9f61-fa5e6361891b-C,051183315,32336883.11,
AXON ENTERPRISE,"AXON ENTERPRISE, INC.",TBW7MGPYURM7,25ad37ff-89d4-1dd3-1291-f2d104af07aa-C,832176382,32290438.84,
NUVITEK,NUVITEK LLC,NYUCLC7Y8AG1,847e4139-2b2d-4446-ae00-56f2153282ba-C,004794429,32282508.94,
FUSION TECHNOLOGY,FUSION TECHNOLOGY LLC,RJKNVKRFXPA8,9c1c8e90-1b2f-4f83-a3ba-03371c745494-C,792051950,32267741.11,
SHIPCOM,SHIPCOM FEDERAL SOLUTIONS LLC,TM8MKSFK82N5,a67f8fe1-cd90-4555-2287-47c53f8e1a2b-C,116626154,32261194.06,
POLE/ZERO,POLE/ZERO LLC,EF4RMKJ8ZWA5,c46e728d-e065-9884-0db4-9efdd96ab376-C,783015415,32128908.00,
CERUS,CERUS CORPORATION,KJJQRRLY2FL5,53ae94ef-a01e-284d-5bb2-7a3eb703d600-C,858999485,32121520.95,
MICHAEL STAPLETON ASSOCIATES,"MICHAEL STAPLETON ASSOCIATES, LTD.",NME7GCMWT297,d871f267-14c7-a935-3cdd-c751333c1958-C,609152475,32079410.51,
KCI-ACUITY,"KCI-ACUITY, LLC",C5C8XHL7ZCY5,53c1fbf1-e955-b66f-361b-12cc00654787-C,079901610,32023905.98,
TRX,"TRX SYSTEMS, INC.",ZFC8EAVYL8W2,6bd54447-2c3b-cb74-a2dc-29ea75160885-C,362884335,32019552.47,
APTIMA,APTIMA INC,K1GCPNNZKEN7,9658b6c7-6f03-7e98-ab61-e45258d81185-C,967259946,32010741.05,
HARMONIA,"HARMONIA HOLDINGS GROUP, LLC",SJHANNQ8XZT6,3efc0304-79be-72ec-f656-639a817d575d-C,556397615,31977280.76,
T AND T CONSULTING,T AND T CONSULTING SERVICES INC.,SMG1HZHVGEU8,0dd717db-f811-c6a2-7ea0-8231c7930f16-C,780148248,31938880.02,
STELLAR INNOVATIONS,STELLAR INNOVATIONS & SOLUTIONS INC.,F3H1A4S2W2J1,51041cc5-cac8-e652-9bf9-d06feae15eb6-C,005629210,31864229.28,
PHOENIX OVERSIGHT,PHOENIX OVERSIGHT GROUP LLC,CB44G6CL51E6,5556ba7b-de33-66da-70a9-cc719897eb39-C,092819977,31832810.36,
SUNTIVA,SUNTIVA LLC,L61FBMJQ36A3,5709e59c-27b9-ea64-fc6b-8d528f6df524-C,167032239,31771014.74,
TRITON,"TRITON SYSTEMS, INC.",DA91DUWSMSQ7,0109d8ea-0069-1cb2-d72d-bc372862a219-C,796010411,31770860.97,
VETERAN TECHNOLOGY PARTNERS,VETERAN TECHNOLOGY PARTNERS LLC,KDLED2J72983,2500a176-bc12-7ef5-89d2-d8696f6ba01c-C,080391614,31713559.11,
ARCTOS TECHNOLOGY,"ARCTOS TECHNOLOGY SOLUTIONS, LLC",HX4BQCW632M9,b8850f4e-012b-fe07-135e-5a49250e9653-C,004475216,31619361.91,
METROSTAR,"METROSTAR SYSTEMS, LLC",GFHQVAFQJ1B5,53170587-a238-b5ed-a037-7c8a99e1b8bb-C,125313051,31501931.04,
WAKE FOREST UNIVERSITY HEALTH SCIENCES,WAKE FOREST UNIVERSITY HEALTH SCIENCES,SN7KD2UK7GC5,623a4232-bd5e-fb60-cf01-48cd08a5a593-C,937727907,31462335.04,
TECHNOLOGY PROVIDER,"TECHNOLOGY SOLUTIONS PROVIDER, LLC",DXUYQDBKRLJ9,b1e4a713-2791-33fc-40a8-30c417ea03cc-C,104603696,31374034.20,
NETWORK MANAGEMENT RESOURCES,NETWORK MANAGEMENT RESOURCES INC.,ZAG3K25C4KU7,ecc5c76d-c31c-0321-ede6-3f7c3c001bba-C,013893636,31294429.68,
DEXIS INTERACTIVE,DEXIS INTERACTIVE LLC,WP6GRMDKNCB1,f3ebcca7-3a4d-4094-2077-ba8d5245f787-C,144344947,31281614.25,
KAMPI COMPONENTS,KAMPI COMPONENTS CO INC,XX2WFHJEFB45,9a6c669e-e695-7865-3325-57e8c87590ee-C,122679228,31260412.72,
SPACE GROUND SYSTEM,"SPACE GROUND SYSTEM SOLUTIONS, INC.",H3RFVAELHB73,0cf79b93-1918-a110-6bb3-505feaa1a5ee-C,161706866,31136968.65,
VAISALA,VAISALA INC.,FCMPZKYCYKH5,a75d6dbf-c94d-a465-47ee-2c12633b15e9-C,045593308,31114477.99,
DISTRIBUTED COMPUTING SYSTEM PROVIDER,"DISTRIBUTED COMPUTING SYSTEM SOLUTIONS PROVIDER, INC",VLLKTRK4ANF3,bb1e49ea-e1a3-8805-d5f1-bb76d15494cf-C,014456987,31101223.03,
PTSI MANAGED,PTSI MANAGED SERVICES INC,V6HHNX7LE717,1b34c273-b52d-9dd4-5c61-1098530dd984-C,078723878,31085421.15,
ALUTIIQ INFORMATION MANAGEMENT,"ALUTIIQ INFORMATION MANAGEMENT, LLC",NEQUZGMGAKJ7,5e7a6550-0b57-95a7-cdd1-a888d463c2ce-C,079377319,31071588.23,
G2 OPS,"G2 OPS, INC.",N5MDKHXE6ZJ8,a27eb3ad-7796-b588-3800-ab70a55f784a-C,199478988,30976298.42,
ROBERTSON FUEL L L C,"ROBERTSON FUEL SYSTEMS, L.L.C.",G4M3KUF95AL3,83d079e1-be80-26c7-4e39-880b7bab6c1e-C,084465368,30925729.46,
BESHENICH MUIR ASSOCIATES,"BESHENICH MUIR & ASSOCIATES, LLC",R5U4EB2KFB89,7c6213ed-2530-36f6-3997-82523fda34dd-C,828579644,30898808.28,
GEOTAB,GEOTAB USA INC,RP81GVFEL4H3,f2cd7b2f-94f1-05aa-96e3-a0536dd98a29-C,080123260,30892591.38,
ADVANCIA AERONAUTICS,"ADVANCIA AERONAUTICS, LLC",N11PKHJ1VTF5,e12c2d78-ff7e-5c10-b43e-43c05b5521c9-C,792283272,30853573.46,
COGGINS,COGGINS INTERNATIONAL CORP,GKJMBMGNG733,d0d22652-72eb-37f4-aedd-7cb57ecd6137-C,830153586,30765665.03,
EPOCH CONCEPTS,EPOCH CONCEPTS LLC,LQ48B9A9QJC8,6ccfb9d5-dd4f-190c-ed55-a4be3fbef4e3-C,788781180,30753295.85,
DZYNE,"DZYNE TECHNOLOGIES, LLC",H5CDSXZGE983,71908073-5b98-4fb4-0a77-b5e04ad6953f-C,078504477,30732500.89,
NUAXIS,NUAXIS LLC,HJP8JPSEC2G4,70a6f95a-f4b2-900a-5139-f371a6ea68e3-C,130477032,30645595.66,
UNIVERSITY OF SOUTHERN CALIFORNIA,UNIVERSITY OF SOUTHERN CALIFORNIA,G88KLJR3KYT5,56e7333e-38ec-5402-80b8-4d50309afb4c-C,072933393,30611488.41,
TETRA TECH,"TETRA TECH, INC.",E3QKBMJ7H9K7,1c450490-33c6-039d-7df4-5376a232aefd-C,080106449,30607167.28,
DIGITAL INFUZION,"DIGITAL INFUZION, LLC",RVPLTBKK5287,8ffc273d-0c9c-a4b8-666d-273ff5e04efa-C,100350748,30528281.40,
MA,"MA FEDERAL, INC.",L7MZK1KZZ162,2c8b0d33-7c35-0513-cd8e-c3696b8f6463-C,942408766,30396409.45,
MICROWAVE POWER PRODUCTS,"MICROWAVE POWER PRODUCTS, INC.",K8AUW2NDQQU6,6a2c3983-8b63-4674-c82e-5cb1d1f8c694-C,021885447,30373958.17,
TOTAL COMPUTER,"TOTAL COMPUTER SOLUTIONS, INC.",ZFMCERBNCV61,4eb30420-2a66-dd3e-3bfe-b370f43f4d5d-C,613342161,30361444.72,
CAYUSE,"CAYUSE TECHNOLOGIES, LLC",YQ31ZQKNGLH6,9d8a92e2-644a-3eac-3a8c-5aae7ec5e4e5-C,788661309,30281189.56,
CHENEGA PROFESSIONAL TECHNICAL,CHENEGA PROFESSIONAL & TECHNICAL SERVICES LLC,ECMESLV5KNB1,28cc190a-e692-af79-c25c-ca304c4be21f-C,079289520,30270443.39,
VANA,VANA SOLUTIONS LLC,CHP1TFGNBS16,dd6a38da-ee99-c80f-8e27-0351b49ad843-C,189437366,30133746.86,
ASTRONICS TEST,ASTRONICS TEST SYSTEMS INC,LZJCLFKDYJJ3,fbb580ae-89ac-7453-8bee-852230825286-C,807617030,30131757.72,
AKUMEN,"AKUMEN, INC.",L48BN4Z53L27,173c379d-abf0-6504-d72b-a1396e436fa9-C,834055626,30074979.14,
MCKINSEY WASHINGTON D C,"MCKINSEY & COMPANY, INC. WASHINGTON D.C.",N6JZARL64EW5,186d18dd-1647-7baa-ec59-3788f853562d-C,825229318,30069690.30,
OXFORD GOVERNMENT CONSULTING,"OXFORD GOVERNMENT CONSULTING, LLC",FGD3HLN2YG31,8e2239c0-845b-98ee-8d23-df974d844cef-C,830833641,30064605.95,
RIVET OPERATIONS,RIVET OPERATIONS COMPANY LLC,KYP9UPNMQL67,96c42ef8-f8bd-b908-04b4-83b8c7197f33-C,080580768,30014972.98,
FISICA APPLIED,"FISICA APPLIED TECHNOLOGIES, INC.",GXRFARNF7PN3,112093a2-a5ed-ab23-a8e0-9daf3a54e89d-C,018348057,29955653.28,
CELLCO PARTNERSHIP,CELLCO PARTNERSHIP,CK77N4SCAJD3,f02045e8-ef98-57c5-2968-cd9f60dbc24a-C,968904698,29949997.76,
PRATT MILLER ENGINEERING FABRICATION,"PRATT & MILLER ENGINEERING & FABRICATION, LLC",Y1ZSV1VTQH88,7b5e0827-5517-2479-1cb0-4b7718a449fe-C,618628762,29923209.22,
MIDTOWN PERSONNEL,MIDTOWN PERSONNEL INC.,GVDLKJJCLMC4,e76872a2-6ec6-ddbb-9493-a5981d140b87-C,793586405,29862142.59,
4M HR LOGISTICS,4M HR LOGISTICS LLC,E336AHRC4LN3,a064c583-802f-71ad-3165-4aa0eba52ac3-C,967707162,29854115.38,
WALTER R MCDONALD ASSOCIATES,"WALTER R MCDONALD & ASSOCIATES, INC.",EBPYG6SDG7U4,64210bd5-aed3-3d25-1cb4-1d52b8a89dbd-C,152149191,29819286.16,
A-TEK,"A-TEK, INC.",HCCFTD1R3UL3,c2c1f451-73ec-3014-acb8-a8cbbd380dd3-C,838829794,29725255.46,
GALOIS,"GALOIS, INC.",MKT6C6U2BRM4,740d091d-3577-5abb-5af7-22f777673ee2-C,098009918,29702315.07,
VERTEX AEROSPACE,VERTEX AEROSPACE LLC,NVC1EFKKYB93,fb63ba18-02ee-d557-7366-681926c60e0d-C,091441089,29651945.62,
D7,"D7, LLC",MKDBBAKLTE96,25d54869-1706-bf85-94d1-3d05ad90200d-C,080153834,29642309.26,
POTOMACWAVE,"POTOMACWAVE, INC.",S5ZCFWYN4KK3,59364d42-aba0-64da-0d8e-d478059151e3-C,809019180,29589348.55,
ERNST YOUNG,ERNST & YOUNG LLP,Q3DSBK6EC715,a21e3dcb-8253-4a66-e5bf-48bec9bbbd74-C,095347159,29560394.98,
SOURCE ONE SPARES,SOURCE ONE SPARES LLC,RTP4E5UBJ3B7,9ecc90a7-5660-f454-a61d-d8380f1f5393-C,080061343,29392883.12,
ACG,"ACG SYSTEMS, INC.",FKFZBQRZF1G3,b8118002-5eab-db4d-cc06-ddc997401717-C,926011032,29143422.43,
TRUST CONSULTING,TRUST CONSULTING SERVICES INC.,RCAAJWT92AF6,678ea18d-d871-d5fb-b74b-ab3da00a98f7-C,080006462,29037391.33,
FEDPOINT,FEDPOINT SYSTEMS LLC,K9GQFNDH8Z15,dff6014c-9b12-700f-3a7c-33f05e6d30c9-C,078355846,29028453.67,
GRANT LEADING TECHNOLOGY,GRANT LEADING TECHNOLOGY LLC,ZJRHEH9T96E9,01087c46-2e8a-bc77-2f4d-608972dfc836-C,079257708,29005039.67,
IDEAL INNOVATIONS,IDEAL INNOVATIONS INCORPORATED,N43ZLV9NUHK5,48b3beb5-95d9-24fc-e9ed-2ec1d14c26f4-C,047665075,28921931.77,
AZIMUTH,AZIMUTH CORPORATION,LBFEJA6NEYJ5,88fe8a55-1558-7046-f87a-8d2027e8928e-C,030352822,28773921.20,
MINATOISHI PALUMBO ARCHITECTS,"MINATOISHI PALUMBO ARCHITECTS, INC.",HHCJTRGP3363,5f744c64-3ab3-4654-49d9-2d2453f1ae09-C,826390325,28712215.79,
CLIENT FIRST,"CLIENT FIRST TECHNOLOGIES, INC",FLG4E9KX6Z86,5b6e9e3a-4a48-f202-40ac-b6424389da5f-C,081242531,28642936.32,
JO-KELL,JO-KELL INC.,KNEFNMWXBK39,ab3249bd-2af9-f474-905d-1e83474fadb9-C,084142785,28494072.35,
DATA NETWORKS,"DATA NETWORKS, INC.",GNXNRGLSNML9,bcfb1089-768f-7e1d-5566-08e9f6002158-C,199748674,28455102.52,
SYMETRICS INDUSTRIES,"SYMETRICS INDUSTRIES, LLC",ZXNYWJ1KLDL9,b9517bc3-ccc3-695a-5ce7-2e5ad744349c-C,027193338,28451596.02,
APPLIED,"APPLIED TECHNOLOGIES GROUP, INC",Y6PJGNW5Q7S8,891a262c-6bb2-6569-abd2-f45dbadb74a4-C,784203809,28428987.71,
ONDARO,ONDARO LLC,VAE5YNUNDFA5,ef6e5a47-7dc4-69c3-a73e-e891e8188824-C,116944250,28404255.63,
BAE LAND ARMAMENTS L P,BAE SYSTEMS LAND & ARMAMENTS L.P.,YNJNTZWVC3H6,b5ca9859-c0d6-48c3-60a8-d8ccf2343a45-C,006481543,28376902.23,
LDSS,"LDSS, INC.",CK8ZQSMFULD5,22756a93-2b8a-c7e6-01d3-e8c3a3789528-C,788088594,28330567.54,
SAVVEE,SAVVEE INC.,WFL8MLY42MN8,20897bc8-ecba-0f08-092a-f92a74970cef-C,143405087,28321755.05,
GATR,"GATR TECHNOLOGIES, INC.",TNMNYWRNFDK9,0e1b7a80-3dcf-4f77-2ed5-727ef263fb46-C,151305088,28280369.52,
VETERANS TECHNOLOGY L L C,"VETERANS TECHNOLOGY, L.L.C.",Q85JXN6T24E4,f20a6291-b07f-1154-5a36-e16ae1bba58f-C,788519002,28217151.58,
